21/01/2008;-265
22/01/2008;305
22/01/2008;240
22/01/2008;320
22/01/2008;500
22/01/2008;-220
07/02/2008;275
07/02/2008;-170
25/03/2008;125
26/03/2008;-110
02/04/2008;285
02/04/2008;210
02/04/2008;100
03/04/2008;20
15/04/2008;150
15/04/2008;160
15/04/2008;-70
17/04/2008;-360
18/04/2008;-575
21/04/2008;150
22/04/2008;150
22/04/2008;140
22/04/2008;-385
25/04/2008;170
25/04/2008;155
25/04/2008;-50
30/04/2008;175
30/04/2008;-5
02/05/2008;125
02/05/2008;485
02/05/2008;10
14/05/2008;120
14/05/2008;-235
15/05/2008;125
16/05/2008;115
16/05/2008;120
16/05/2008;-60
22/05/2008;160
22/05/2008;165
22/05/2008;160
23/05/2008;-125
26/05/2008;0
30/05/2008;105
30/05/2008;125
30/05/2008;-45
10/06/2008;30
11/06/2008;180
12/06/2008;-295
13/06/2008;145
13/06/2008;215
24/06/2008;140
24/06/2008;150
24/06/2008;-25
25/06/2008;-480
27/06/2008;190
27/06/2008;295
27/06/2008;40
30/06/2008;170
01/07/2008;240
01/07/2008;200
03/07/2008;260
03/07/2008;355
03/07/2008;30
04/07/2008;-120
07/07/2008;-175
07/08/2008;165
07/08/2008;155
11/08/2008;165
11/08/2008;-355
12/08/2008;135
12/08/2008;155
12/08/2008;170
12/08/2008;60
13/08/2008;-360
14/08/2008;190
14/08/2008;230
14/08/2008;-120
15/08/2008;135
15/08/2008;320
15/08/2008;175
05/09/2008;160
05/09/2008;160
05/09/2008;170
05/09/2008;130
05/09/2008;170
09/09/2008;255
09/09/2008;235
10/09/2008;265
11/09/2008;440
11/09/2008;-145
18/09/2008;405
18/09/2008;80
07/10/2008;480
07/10/2008;300
07/10/2008;455
07/10/2008;470
08/10/2008;-685
08/10/2008;630
08/10/2008;720
08/10/2008;660
10/10/2008;-35
14/10/2008;1045
14/10/2008;-750
06/11/2008;420
06/11/2008;-185
07/11/2008;-220
11/11/2008;5
12/11/2008;-5
12/11/2008;-255
13/11/2008;200
06/01/2009;25
07/01/2009;-265
13/01/2009;150
13/01/2009;190
14/01/2009;190
14/01/2009;-625
15/01/2009;155
15/01/2009;160
15/01/2009;155
21/01/2009;-45
09/02/2009;85
10/02/2009;175
20/02/2009;115
24/02/2009;105
03/03/2009;240
03/03/2009;190
03/03/2009;190
04/03/2009;-565
13/03/2009;215
13/03/2009;195
13/03/2009;110
16/03/2009;200
18/03/2009;170
18/03/2009;80
19/03/2009;200
19/03/2009;190
19/03/2009;190
19/03/2009;-75
20/03/2009;205
23/03/2009;-270
24/03/2009;75
25/03/2009;135
27/03/2009;-290
03/04/2009;215
06/04/2009;195
27/05/2009;-45
01/06/2009;-425
02/06/2009;150
02/06/2009;160
02/06/2009;85
03/06/2009;150
03/06/2009;-55
05/06/2009;130
05/06/2009;230
05/06/2009;80
10/06/2009;245
10/06/2009;25
17/06/2009;235
17/06/2009;155
17/06/2009;-70
29/06/2009;130
29/06/2009;-165
30/06/2009;95
30/06/2009;-105
03/07/2009;25
07/07/2009;140
07/07/2009;150
08/07/2009;135
08/07/2009;180
08/07/2009;-155
15/07/2009;130
15/07/2009;-270
16/07/2009;175
16/07/2009;135
16/07/2009;-45
17/07/2009;-145
20/07/2009;-45
21/07/2009;110
21/07/2009;140
27/07/2009;185
04/08/2009;-125
18/08/2009;-125
19/08/2009;365
19/08/2009;130
21/08/2009;-275
24/08/2009;65
08/09/2009;60
09/09/2009;105
09/09/2009;120
09/09/2009;-285
10/09/2009;235
10/09/2009;125
10/09/2009;-95
11/09/2009;110
11/09/2009;105
16/09/2009;-420
17/09/2009;120
17/09/2009;100
17/09/2009;90
18/09/2009;115
18/09/2009;145
22/09/2009;90
02/10/2009;125
02/10/2009;140
02/10/2009;35
05/10/2009;130
05/10/2009;-130
29/10/2009;-415
30/10/2009;-650
02/11/2009;215
02/11/2009;-205
03/11/2009;-125
10/11/2009;135
10/11/2009;165
10/11/2009;120
11/11/2009;25
16/11/2009;-220
18/11/2009;-75
27/11/2009;-360
22/12/2009;30
23/12/2009;185
23/12/2009;-60
24/12/2009;-205
28/12/2009;-105
13/01/2010;90
13/01/2010;100
13/01/2010;105
18/01/2010;-145
19/01/2010;110
19/01/2010;-225
22/01/2010;190
22/01/2010;160
25/01/2010;180
26/01/2010;300
26/01/2010;120
26/01/2010;145
26/01/2010;-230
29/01/2010;290
29/01/2010;245
29/01/2010;160
29/01/2010;-95
01/02/2010;-60
05/02/2010;160
05/02/2010;165
05/02/2010;150
05/02/2010;245
05/02/2010;35
08/02/2010;185
03/03/2010;110
03/03/2010;5
05/03/2010;-385
08/03/2010;-65
09/03/2010;105
10/03/2010;-150
17/03/2010;-130
18/03/2010;100
18/03/2010;80
18/03/2010;95
19/03/2010;80
19/03/2010;70
19/03/2010;-135
15/04/2010;100
15/04/2010;-45
16/04/2010;85
16/04/2010;75
16/04/2010;90
16/04/2010;130
16/04/2010;-350
05/05/2010;110
05/05/2010;160
05/05/2010;120
05/05/2010;-35
06/05/2010;120
06/05/2010;-175
07/05/2010;240
07/05/2010;360
07/05/2010;575
10/05/2010;-750
17/05/2010;255
17/05/2010;190
18/05/2010;240
19/05/2010;215
19/05/2010;205
19/05/2010;230
19/05/2010;-55
20/05/2010;-970
21/05/2010;465
21/05/2010;310
21/05/2010;-525
24/05/2010;-135
25/05/2010;425
08/06/2010;370
08/06/2010;200
08/06/2010;75
09/06/2010;195
09/06/2010;-340
16/06/2010;170
16/06/2010;190
16/06/2010;-95
17/06/2010;175
17/06/2010;215
17/06/2010;220
25/06/2010;180
25/06/2010;-20
28/06/2010;170
28/06/2010;55
29/06/2010;-945
30/06/2010;235
30/06/2010;-130
01/07/2010;195
01/07/2010;165
01/07/2010;0
12/07/2010;220
13/07/2010;185
13/07/2010;170
13/07/2010;-95
14/07/2010;10
19/07/2010;155
12/08/2010;365
12/08/2010;185
12/08/2010;-175
13/08/2010;250
13/08/2010;15
16/08/2010;150
16/08/2010;-95
20/08/2010;135
20/08/2010;-125
24/08/2010;-395
25/08/2010;175
25/08/2010;150
25/08/2010;20
27/08/2010;260
27/08/2010;-375
31/08/2010;300
31/08/2010;160
31/08/2010;-15
02/09/2010;165
02/09/2010;-185
03/09/2010;-335
06/09/2010;70
07/09/2010;-55
09/09/2010;155
09/09/2010;-190
10/09/2010;155
13/09/2010;-160
14/09/2010;165
14/09/2010;-185
15/09/2010;140
17/09/2010;265
17/09/2010;185
21/09/2010;105
21/09/2010;120
21/09/2010;10
27/09/2010;125
15/11/2010;165
15/11/2010;155
16/11/2010;-320
17/11/2010;175
17/11/2010;155
17/11/2010;125
17/11/2010;-25
06/01/2011;155
06/01/2011;110
06/01/2011;10
19/01/2011;130
19/01/2011;-395
31/01/2011;140
31/01/2011;-300
23/02/2011;135
23/02/2011;-570
24/02/2011;160
24/02/2011;115
02/03/2011;-270
04/03/2011;-370
10/03/2011;-265
11/03/2011;200
11/03/2011;165
11/03/2011;-100
15/03/2011;340
16/03/2011;240
16/03/2011;55
17/03/2011;-425
25/03/2011;165
25/03/2011;105
28/03/2011;165
21/04/2011;130
21/04/2011;120
21/04/2011;60
25/04/2011;20
26/04/2011;-255
28/04/2011;120
28/04/2011;-85
17/05/2011;255
17/05/2011;155
17/05/2011;235
17/05/2011;65
18/05/2011;175
18/05/2011;145
18/05/2011;20
24/05/2011;125
24/05/2011;-35
25/05/2011;385
25/05/2011;135
25/05/2011;-135
01/06/2011;135
01/06/2011;-545
03/06/2011;95
06/06/2011;40
07/06/2011;65
08/06/2011;-105
09/06/2011;-150
13/06/2011;130
13/06/2011;110
16/06/2011;135
16/06/2011;115
16/06/2011;160
16/06/2011;40
17/06/2011;130
17/06/2011;85
20/06/2011;-180
29/06/2011;170
29/06/2011;205
29/06/2011;10
30/06/2011;-445
01/07/2011;-490
04/07/2011;-120
05/07/2011;65
06/07/2011;260
06/07/2011;125
08/07/2011;135
08/07/2011;-275
29/07/2011;220
29/07/2011;110
02/08/2011;210
02/08/2011;-45
03/08/2011;205
03/08/2011;280
03/08/2011;600
03/08/2011;235
04/08/2011;260
04/08/2011;-1195
05/08/2011;350
05/08/2011;270
05/08/2011;460
05/08/2011;745
05/08/2011;-1145
09/08/2011;-1065
09/08/2011;505
09/08/2011;-1065
19/08/2011;560
19/08/2011;115
22/08/2011;260
31/08/2011;-245
01/09/2011;310
01/09/2011;245
06/09/2011;415
06/09/2011;250
06/09/2011;255
06/09/2011;270
08/09/2011;235
08/09/2011;220
20/09/2011;-35
22/09/2011;-265
23/09/2011;245
23/09/2011;400
23/09/2011;305
23/09/2011;-10
04/10/2011;385
04/10/2011;380
04/10/2011;-405
11/10/2011;-165
12/10/2011;-320
13/10/2011;290
13/10/2011;285
14/10/2011;265
14/10/2011;-70
17/10/2011;300
02/11/2011;160
03/11/2011;635
03/11/2011;320
22/11/2011;285
22/11/2011;215
22/11/2011;225
22/11/2011;230
22/11/2011;220
22/11/2011;370
23/11/2011;-300
24/11/2011;250
24/11/2011;-20
25/11/2011;220
25/11/2011;400
01/12/2011;310
01/12/2011;320
02/12/2011;160
05/12/2011;-475
15/12/2011;320
16/12/2011;-55
06/01/2012;-185
09/01/2012;140
10/01/2012;145
13/01/2012;130
20/01/2012;145
20/01/2012;165
07/03/2012;-330
08/03/2012;-365
13/03/2012;-295
14/03/2012;175
14/03/2012;115
14/03/2012;130
14/03/2012;-220
15/03/2012;-40
27/03/2012;160
27/03/2012;0
28/03/2012;165
28/03/2012;-160
09/04/2012;145
09/04/2012;-190
10/04/2012;140
11/04/2012;195
11/04/2012;-110
12/04/2012;-395
16/04/2012;180
17/04/2012;155
17/04/2012;-860
24/04/2012;155
24/04/2012;-155
27/04/2012;155
27/04/2012;-260
30/04/2012;175
07/05/2012;210
07/05/2012;80
08/05/2012;-755
17/05/2012;340
17/05/2012;-450
18/05/2012;435
18/05/2012;180
18/05/2012;240
18/05/2012;180
18/05/2012;230
21/05/2012;-840
20/06/2012;125
21/06/2012;-430
22/06/2012;25
26/06/2012;180
26/06/2012;-75
03/07/2012;-245
04/07/2012;85
12/07/2012;-210
13/07/2012;-530
19/07/2012;-340
20/07/2012;-575
24/07/2012;320
24/07/2012;150
24/07/2012;145
24/07/2012;165
24/07/2012;170
25/07/2012;-190
30/07/2012;320
31/07/2012;245
31/07/2012;210
06/08/2012;-220
07/08/2012;-490
08/08/2012;145
08/08/2012;150
08/08/2012;195
08/08/2012;-30
09/08/2012;190
20/08/2012;130
21/08/2012;170
19/09/2012;175
19/09/2012;185
26/09/2012;-475
27/09/2012;-380
10/10/2012;130
10/10/2012;135
10/10/2012;-75
11/10/2012;-55
12/10/2012;155
12/10/2012;125
12/10/2012;235
12/10/2012;75
17/10/2012;190
17/10/2012;-145
18/10/2012;-30
22/10/2012;-30
23/10/2012;-315
24/10/2012;135
24/10/2012;185
24/10/2012;145
25/10/2012;250
26/10/2012;275
26/10/2012;170
09/11/2012;235
09/11/2012;185
09/11/2012;-380
12/11/2012;165
13/11/2012;245
15/11/2012;170
15/11/2012;165
15/11/2012;-80
16/11/2012;190
16/11/2012;195
16/11/2012;315
27/11/2012;140
27/11/2012;130
27/11/2012;280
29/11/2012;-135
19/12/2012;240
19/12/2012;185
19/12/2012;115
21/12/2012;25
26/12/2012;145
26/12/2012;-310
27/12/2012;190
27/12/2012;175
27/12/2012;-270
28/12/2012;65
31/12/2012;175
31/12/2012;-485
02/01/2013;-125
03/01/2013;215
03/01/2013;45
04/01/2013;160
04/01/2013;65
10/01/2013;410
10/01/2013;130
21/02/2013;-385
22/02/2013;-100
26/02/2013;150
26/02/2013;-20
06/03/2013;115
06/03/2013;-45
07/03/2013;185
08/03/2013;245
08/03/2013;120
08/03/2013;25
12/03/2013;-115
05/04/2013;-80
08/04/2013;135
11/04/2013;110
11/04/2013;130
12/04/2013;-180
16/04/2013;-445
18/04/2013;160
18/04/2013;-445
19/04/2013;175
19/04/2013;-355
03/05/2013;-360
06/05/2013;-175
07/05/2013;125
07/05/2013;140
15/05/2013;115
15/05/2013;115
15/05/2013;30
16/05/2013;140
16/05/2013;135
16/05/2013;155
16/05/2013;15
20/05/2013;130
20/05/2013;100
24/05/2013;240
27/05/2013;90
13/06/2013;440
13/06/2013;-70
14/06/2013;40
21/06/2013;305
21/06/2013;-295
25/06/2013;-115
11/07/2013;-345
12/07/2013;170
15/07/2013;-15
16/07/2013;150
16/07/2013;20
16/08/2013;-200
19/08/2013;-420
20/08/2013;130
20/08/2013;-340
19/09/2013;0
20/09/2013;110
09/10/2013;325
09/10/2013;-315
10/10/2013;-1005
18/10/2013;-60
21/10/2013;-105
22/10/2013;230
25/10/2013;165
28/10/2013;340
08/11/2013;-445
15/11/2013;135
15/11/2013;160
18/11/2013;235
26/11/2013;130
27/11/2013;-215
28/11/2013;-130
29/11/2013;-150
02/12/2013;115
02/12/2013;105
13/12/2013;160
16/12/2013;-245
23/12/2013;-145
24/12/2013;120
24/12/2013;50
26/12/2013;175
26/12/2013;-50
27/12/2013;105
27/12/2013;-80
07/01/2014;-470
14/01/2014;-995
27/01/2014;180
28/01/2014;-70
29/01/2014;215
04/02/2014;-435
05/02/2014;225
05/02/2014;370
06/02/2014;-700
12/02/2014;-80
13/02/2014;385
13/02/2014;-140
14/02/2014;205
14/02/2014;200
14/02/2014;180
17/02/2014;-20
12/03/2014;385
12/03/2014;-85
14/03/2014;190
14/03/2014;-125
17/03/2014;-820
20/03/2014;200
20/03/2014;-160
24/03/2014;235
25/03/2014;220
25/03/2014;220
25/03/2014;215
25/03/2014;320
27/03/2014;200
27/03/2014;660
27/03/2014;35
28/03/2014;-150
02/04/2014;175
02/04/2014;215
02/04/2014;75
03/04/2014;180
03/04/2014;235
03/04/2014;-290
08/04/2014;190
08/04/2014;235
08/04/2014;-525
11/04/2014;240
11/04/2014;235
14/04/2014;-505
29/04/2014;-70
08/05/2014;180
08/05/2014;290
08/05/2014;-450
09/05/2014;215
09/05/2014;105
23/05/2014;-255
26/05/2014;-190
27/05/2014;145
27/05/2014;-220
28/05/2014;190
28/05/2014;145
02/07/2014;-95
03/07/2014;110
03/07/2014;-340
04/07/2014;-10
09/07/2014;110
09/07/2014;310
09/07/2014;-5
10/07/2014;650
15/07/2014;115
15/07/2014;115
15/07/2014;-470
24/07/2014;170
24/07/2014;165
24/07/2014;140
01/08/2014;180
01/08/2014;195
01/08/2014;175
01/08/2014;-325
04/08/2014;-155
06/08/2014;210
06/08/2014;15
08/08/2014;615
08/08/2014;195
08/08/2014;200
15/08/2014;185
15/08/2014;-250
18/08/2014;-455
19/08/2014;-125
20/08/2014;135
20/08/2014;5
16/09/2014;150
16/09/2014;180
16/09/2014;-150
24/09/2014;-505
26/09/2014;150
26/09/2014;245
26/09/2014;-40
08/10/2014;200
08/10/2014;350
10/10/2014;380
10/10/2014;250
10/10/2014;235
13/10/2014;250
14/10/2014;-450
15/10/2014;-1200
22/10/2014;-80
29/10/2014;65
31/10/2014;15
03/11/2014;-305
04/11/2014;-375
27/11/2014;180
27/11/2014;-55
28/11/2014;185
28/11/2014;-140
02/12/2014;-65
09/12/2014;-370
10/12/2014;180
11/12/2014;145
11/12/2014;255
11/12/2014;-1030
12/12/2014;800
12/12/2014;225
12/12/2014;355
12/12/2014;205
15/12/2014;245
16/12/2014;680
16/12/2014;110
17/12/2014;-415
05/01/2015;190
06/01/2015;250
06/01/2015;-1200
07/01/2015;-870
16/01/2015;400
16/01/2015;345
16/01/2015;350
16/01/2015;95
29/01/2015;305
29/01/2015;125
13/02/2015;-300
16/02/2015;215
17/02/2015;230
20/02/2015;180
20/02/2015;185
20/02/2015;150
10/03/2015;-1200
11/03/2015;190
11/03/2015;190
11/03/2015;15
12/03/2015;285
12/03/2015;285
12/03/2015;-125
19/03/2015;300
19/03/2015;230
19/03/2015;230
19/03/2015;150
20/03/2015;-790
26/03/2015;0
27/03/2015;240
27/03/2015;185
27/03/2015;280
27/03/2015;40
01/04/2015;505
01/04/2015;260
01/04/2015;-560
02/04/2015;325
02/04/2015;-65
06/04/2015;-1200
24/04/2015;-110
27/04/2015;185
28/04/2015;115
30/04/2015;-475
01/05/2015;-335
07/05/2015;210
07/05/2015;-355
19/05/2015;360
09/06/2015;-275
10/06/2015;-1025
16/06/2015;630
16/06/2015;345
19/06/2015;185
19/06/2015;-160
30/06/2015;240
30/06/2015;40
01/07/2015;-165
15/07/2015;0
16/07/2015;-495
17/07/2015;-300
20/07/2015;210
20/07/2015;-220
21/07/2015;230
21/07/2015;345
21/07/2015;35
28/07/2015;470
28/07/2015;440
28/07/2015;-250
21/08/2015;-1200
25/08/2015;-1200
23/09/2015;845
23/09/2015;15
29/09/2015;175
29/09/2015;485
29/09/2015;440
29/09/2015;685
30/09/2015;-365
23/10/2015;-640
26/10/2015;-30
27/10/2015;280
27/10/2015;295
28/10/2015;295
28/10/2015;390
28/10/2015;-85
03/11/2015;230
03/11/2015;-195
04/11/2015;270
04/11/2015;210
11/11/2015;315
11/11/2015;225
12/11/2015;-215
13/11/2015;225
13/11/2015;-545
16/11/2015;250
16/11/2015;185
19/11/2015;55
23/11/2015;400
04/12/2015;240
04/12/2015;-875
21/12/2015;-50
05/01/2016;355
05/01/2016;-655
06/01/2016;45
07/01/2016;-1200
08/01/2016;1060
14/01/2016;675
14/01/2016;470
14/01/2016;435
14/01/2016;480
14/01/2016;-235
15/01/2016;-1200
18/01/2016;455
18/01/2016;640
18/01/2016;600
19/01/2016;910
20/01/2016;-1200
08/02/2016;680
09/02/2016;860
09/02/2016;580
09/02/2016;110
18/02/2016;505
18/02/2016;420
18/02/2016;-275
31/03/2016;315
31/03/2016;-140
04/04/2016;240
27/04/2016;250
27/04/2016;-15
29/04/2016;-1200
02/05/2016;300
04/05/2016;-380
06/05/2016;255
06/05/2016;-245
25/05/2016;-50
26/05/2016;220
26/05/2016;225
26/05/2016;120
27/05/2016;-140
30/05/2016;-10
31/05/2016;-180
14/06/2016;250
14/06/2016;230
14/06/2016;300
14/06/2016;-240
15/06/2016;0
16/06/2016;460
28/06/2016;-535
04/07/2016;135
05/07/2016;-450
11/07/2016;-320
12/07/2016;-360
13/07/2016;255
13/07/2016;230
13/07/2016;105
08/08/2016;215
09/08/2016;-355
25/08/2016;245
25/08/2016;190
26/08/2016;135
26/08/2016;330
26/08/2016;620
12/09/2016;-560
16/09/2016;-120
19/09/2016;405
22/09/2016;-125
23/09/2016;-145
13/10/2016;10
14/10/2016;0
28/10/2016;90
31/10/2016;450
01/11/2016;330
01/11/2016;-825
02/11/2016;400
02/11/2016;240
02/11/2016;-470
03/11/2016;225
03/11/2016;210
03/11/2016;-135
04/11/2016;210
04/11/2016;215
04/11/2016;255
04/11/2016;-120
09/11/2016;4390
10/11/2016;1215
10/11/2016;-1200
02/12/2016;280
02/12/2016;540
02/12/2016;-80
05/12/2016;-765
09/12/2016;25
13/12/2016;-290
14/12/2016;205
14/12/2016;215
03/01/2017;85
09/01/2017;-45
10/01/2017;170
10/01/2017;155
10/01/2017;185
10/01/2017;-370
11/01/2017;195
11/01/2017;165
11/01/2017;160
11/01/2017;255
11/01/2017;280
26/01/2017;400
27/01/2017;-190
08/02/2017;225
08/02/2017;145
08/02/2017;-200
09/02/2017;-365
10/02/2017;-10
13/02/2017;-400
14/02/2017;85
15/02/2017;150
15/02/2017;130
15/02/2017;-45
16/02/2017;-265
20/02/2017;40
22/03/2017;215
22/03/2017;315
22/03/2017;-245
23/03/2017;-130
12/04/2017;310
12/04/2017;-420
13/04/2017;285
13/04/2017;220
13/04/2017;20
17/04/2017;-320
21/04/2017;215
21/04/2017;220
24/04/2017;-155
25/04/2017;-625
26/04/2017;200
26/04/2017;225
27/04/2017;-350
28/04/2017;210
28/04/2017;55
01/05/2017;-580
02/05/2017;170
02/05/2017;205
09/05/2017;-405
10/05/2017;-95
15/05/2017;225
15/05/2017;100
16/05/2017;140
16/05/2017;160
16/05/2017;-190
18/05/2017;480
18/05/2017;235
18/05/2017;-115
26/05/2017;195
26/05/2017;205
26/05/2017;75
29/05/2017;80
06/06/2017;210
13/06/2017;350
13/06/2017;-155
14/06/2017;375
15/06/2017;10
28/06/2017;420
28/06/2017;580
28/06/2017;390
28/06/2017;-455
30/06/2017;330
30/06/2017;335
30/06/2017;-95
03/07/2017;370
04/07/2017;460
04/07/2017;435
04/07/2017;-250
05/07/2017;365
05/07/2017;-910
13/07/2017;315
13/07/2017;485
14/07/2017;255
17/07/2017;240
17/07/2017;300
18/07/2017;255
19/07/2017;-120
20/07/2017;255
20/07/2017;245
28/07/2017;845
31/07/2017;400
01/08/2017;475
01/08/2017;130
04/08/2017;270
04/08/2017;130
10/08/2017;-1200
11/08/2017;305
11/08/2017;305
11/08/2017;265
11/08/2017;-805
14/08/2017;-690
18/08/2017;530
18/08/2017;570
18/08/2017;320
18/08/2017;-220
29/08/2017;875
29/08/2017;-60
01/09/2017;240
01/09/2017;195
06/09/2017;385
07/09/2017;-315
08/09/2017;-280
11/09/2017;-565
22/09/2017;0
26/09/2017;240
26/09/2017;205
06/10/2017;190
06/10/2017;100
09/10/2017;5
25/10/2017;245
25/10/2017;210
25/10/2017;-820
26/10/2017;235
26/10/2017;180
26/10/2017;-105
30/10/2017;205
30/10/2017;405
30/10/2017;-85
31/10/2017;-255
01/11/2017;450
01/11/2017;-360
15/11/2017;-65
16/11/2017;-1115
22/11/2017;35
23/11/2017;225
23/11/2017;185
24/11/2017;-360
27/11/2017;185
27/11/2017;260
30/11/2017;-1015
05/12/2017;290
05/12/2017;285
05/12/2017;-460
06/12/2017;280
06/12/2017;25
19/12/2017;235
19/12/2017;-830
26/12/2017;145
27/12/2017;210
27/12/2017;240
27/12/2017;225
27/12/2017;215
28/12/2017;230
28/12/2017;170
29/12/2017;215
02/01/2018;-1200
03/01/2018;30
04/01/2018;-110
05/01/2018;-795
08/01/2018;205
08/01/2018;-235
09/01/2018;190
09/01/2018;410
09/01/2018;155
15/01/2018;235
16/01/2018;-245
23/01/2018;40
24/01/2018;365
24/01/2018;240
02/02/2018;-90
05/02/2018;905
06/02/2018;1625
06/02/2018;755
06/02/2018;-1200
06/02/2018;-1200
09/02/2018;830
09/02/2018;1060
02/03/2018;-1200
12/03/2018;-190
13/03/2018;465
13/03/2018;-125
20/03/2018;685
20/03/2018;725
20/03/2018;455
20/03/2018;665
21/03/2018;500
21/03/2018;150
22/03/2018;-1200
23/03/2018;940
23/03/2018;595
23/03/2018;580
23/03/2018;105
26/03/2018;-1200
28/03/2018;1200
28/03/2018;655
28/03/2018;-1200
29/03/2018;650
03/04/2018;710
03/04/2018;1490
03/04/2018;815
04/04/2018;2720
24/04/2018;-460
24/04/2018;-1115
25/04/2018;-1200
01/05/2018;645
01/05/2018;640
01/05/2018;585
10/05/2018;-780
11/05/2018;450
11/05/2018;465
06/06/2018;415
06/06/2018;420
07/06/2018;745
07/06/2018;-365
19/06/2018;640
20/06/2018;-10
26/06/2018;380
26/06/2018;380
26/06/2018;400
26/06/2018;-395
27/06/2018;-1200
27/06/2018;-55
28/06/2018;430
28/06/2018;895
28/06/2018;455
28/06/2018;240
10/07/2018;465
10/07/2018;390
13/07/2018;585
13/07/2018;415
13/07/2018;-95
16/07/2018;355
31/07/2018;445
31/07/2018;-970
07/08/2018;-235
08/08/2018;370
08/08/2018;380
13/08/2018;-280
28/08/2018;40
29/08/2018;-1200
30/08/2018;465
30/08/2018;320
05/09/2018;-1200
06/09/2018;445
06/09/2018;-1200
07/09/2018;360
07/09/2018;505
10/09/2018;585
18/09/2018;350
18/09/2018;-1200
05/10/2018;725
05/10/2018;-1200
09/10/2018;415
09/10/2018;-10
11/10/2018;1330
11/10/2018;580
11/10/2018;625
11/10/2018;-1200
12/10/2018;815
25/10/2018;-1200
26/10/2018;-1200
30/10/2018;1755
30/10/2018;1275
30/10/2018;1280
20/11/2018;-1200
21/11/2018;-505
22/11/2018;295
23/11/2018;725
23/11/2018;320
29/11/2018;-190
30/11/2018;605
30/11/2018;655
03/12/2018;1455
05/12/2018;-30
06/12/2018;1115
18/12/2018;-1010
19/12/2018;-1200
20/12/2018;1010
20/12/2018;835
20/12/2018;760
20/12/2018;790
20/12/2018;-1200
21/12/2018;-1200
24/12/2018;905
26/12/2018;820
26/12/2018;-1200
31/01/2019;-1200
01/02/2019;265
05/02/2019;480
05/02/2019;-1200
06/02/2019;420
06/02/2019;420
06/02/2019;775
08/03/2019;95
11/03/2019;-1200
12/03/2019;400
12/03/2019;390
12/03/2019;345
12/03/2019;-475
14/03/2019;535
14/03/2019;345
14/03/2019;-110
18/03/2019;590
19/03/2019;-195
26/03/2019;-615
03/04/2019;-870
04/04/2019;-90
24/04/2019;295
24/04/2019;305
24/04/2019;320
25/04/2019;810
25/04/2019;565
25/04/2019;470
25/04/2019;125
08/05/2019;435
08/05/2019;705
08/05/2019;100
09/05/2019;-1200
14/05/2019;-1200
24/05/2019;355
27/05/2019;455
28/05/2019;825
28/05/2019;650
29/05/2019;-1200
30/05/2019;-55
31/05/2019;-75
04/06/2019;590
04/06/2019;-1200
10/06/2019;-1200
11/06/2019;735
18/06/2019;-1200
19/06/2019;435
19/06/2019;85
20/06/2019;-1200
21/06/2019;815
26/06/2019;-1200
09/07/2019;950
09/07/2019;-80
18/07/2019;560
18/07/2019;415
18/07/2019;80
01/08/2019;-1200
02/08/2019;520
02/08/2019;-1200
06/08/2019;-1200
25/09/2019;815
25/09/2019;-110
03/10/2019;720
03/10/2019;480
03/10/2019;1140
03/10/2019;460
16/10/2019;-230
29/10/2019;-280
04/11/2019;-110
05/11/2019;540
05/11/2019;385
03/12/2019;490
03/12/2019;-1200
04/12/2019;680
04/12/2019;80
20/12/2019;-260
23/12/2019;-325
24/12/2019;120
26/12/2019;95
27/12/2019;535
27/12/2019;545
27/12/2019;-15
28/01/2020;-1200
03/02/2020;-1200
25/02/2020;2720
25/02/2020;1130
25/02/2020;-1200
26/02/2020;1195
26/02/2020;1865
26/02/2020;1450
26/02/2020;-1200
27/02/2020;-1200
28/02/2020;-1200
28/02/2020;1675
10/03/2020;-1200
10/03/2020;1835
10/03/2020;-195
11/03/2020;-1200
12/03/2020;-1200
13/03/2020;-1200
17/03/2020;5030
17/03/2020;2100
17/03/2020;-1200
17/03/2020;3205
17/03/2020;-2530
18/03/2020;-1200
08/04/2020;2095
08/04/2020;-720
09/04/2020;1910
09/04/2020;1725
09/04/2020;2045
15/04/2020;-1200
17/04/2020;2515
17/04/2020;-1200
14/05/2020;-1200
15/05/2020;1165
12/06/2020;-1200
12/06/2020;1465
29/06/2020;1100
29/06/2020;-675
06/07/2020;-1200
07/07/2020;825
07/07/2020;585
24/07/2020;-1200
27/07/2020;-1200
29/07/2020;-1200
30/07/2020;3060
12/08/2020;-1200
27/08/2020;860
27/08/2020;1105
27/08/2020;780
27/08/2020;1095
02/09/2020;-1200
02/09/2020;1960
02/09/2020;-1200
04/09/2020;-1200
08/09/2020;1700
08/09/2020;-1200
09/09/2020;-1200
18/09/2020;1690
18/09/2020;-1200
22/09/2020;1870
24/09/2020;-1200
24/09/2020;2470
24/09/2020;-1200
13/10/2020;2525
13/10/2020;1505
13/10/2020;870
20/10/2020;1405
20/10/2020;1140
20/10/2020;1095
21/10/2020;1525
21/10/2020;1525
21/10/2020;1150
21/10/2020;1130
21/10/2020;-1200
22/10/2020;1960
22/10/2020;-1205
26/10/2020;1385
27/10/2020;-1200
28/10/2020;-1200
29/10/2020;2020
29/10/2020;1470
29/10/2020;-1200
30/10/2020;3295
30/10/2020;1075
30/10/2020;-170
05/11/2020;-1200
09/11/2020;5505
09/11/2020;1925
09/11/2020;3560
10/12/2020;2365
10/12/2020;-1200
11/12/2020;-1200
14/12/2020;-1200
05/01/2021;690
05/01/2021;1120
05/01/2021;765
05/01/2021;-1200
05/01/2021;-1200
06/01/2021;-1200
18/01/2021;-480
19/01/2021;705
21/01/2021;785
22/01/2021;505
25/01/2021;3170
28/01/2021;-1200
28/01/2021;-1200
29/01/2021;-1200
01/02/2021;-1200
18/02/2021;-1200
19/02/2021;840
19/02/2021;1090
23/02/2021;1955
23/02/2021;-1200
24/02/2021;2530
24/02/2021;-1200
24/02/2021;-1200
26/02/2021;2160
26/02/2021;-1200
26/02/2021;1520
26/02/2021;-1200
04/03/2021;-1200
04/03/2021;2725
04/03/2021;4060
04/03/2021;-1200
05/03/2021;1610
05/03/2021;1570
05/03/2021;2030
05/03/2021;-1200
22/03/2021;-1200
05/04/2021;-1200
06/04/2021;965
06/04/2021;100
09/04/2021;-1200
12/04/2021;551
16/04/2021;-1815
17/04/2021;778
17/04/2021;2671
24/04/2021;1231
24/04/2021;-597
27/04/2021;2472
27/04/2021;2449
30/04/2021;2024
07/05/2021;854
07/05/2021;-1417
08/05/2021;2556
17/05/2021;2299
17/05/2021;91
18/05/2021;460
18/05/2021;-287
18/05/2021;1121
18/05/2021;2291
18/05/2021;3308
21/05/2021;1016
20/06/2021;-17
21/06/2021;2409
22/06/2021;1561
26/06/2021;727
26/06/2021;-643
03/07/2021;-106
04/07/2021;29
12/07/2021;3924
13/07/2021;-105
19/07/2021;-1914
20/07/2021;1518
24/07/2021;1638
24/07/2021;-250
24/07/2021;637
24/07/2021;883
24/07/2021;-1517
25/07/2021;965
30/07/2021;686
31/07/2021;966
31/07/2021;-1709
06/08/2021;221
07/08/2021;-217
08/08/2021;990
08/08/2021;563
08/08/2021;3575
08/08/2021;1921
09/08/2021;2617
20/08/2021;2855
21/08/2021;965
19/09/2021;3935
19/09/2021;-1768
26/09/2021;-933
27/09/2021;-187
10/10/2021;-372
10/10/2021;-517
10/10/2021;707
11/10/2021;-156
12/10/2021;39
12/10/2021;2018
12/10/2021;3833
12/10/2021;3893
17/10/2021;3304
17/10/2021;2981
18/10/2021;3707
22/10/2021;3609
23/10/2021;-782
24/10/2021;-1018
24/10/2021;511
24/10/2021;758
25/10/2021;-1877
26/10/2021;1173
26/10/2021;-397
09/11/2021;3741
09/11/2021;2353
09/11/2021;76
12/11/2021;-697
13/11/2021;2711
15/11/2021;3599
15/11/2021;-769
15/11/2021;-1224
16/11/2021;419
16/11/2021;-301
16/11/2021;208
27/11/2021;2436
27/11/2021;3796
27/11/2021;-54
29/11/2021;3061
19/12/2021;632
19/12/2021;1557
19/12/2021;2756
21/12/2021;-306
26/12/2021;2074
