"2008-01-21","-180,23"
"2008-01-22","1237,52"
"2008-01-23","106,05"
"2008-01-25","831,67"
"2008-01-28","-391,07"
"2008-01-30","-670,92"
"2008-01-31","1872,35"
"2008-02-01","-232,50"
"2008-02-04","-72,01"
"2008-02-05","633,00"
"2008-02-06","757,69"
"2008-02-07","1501,63"
"2008-02-08","1749,39"
"2008-02-11","91,57"
"2008-02-12","-230,08"
"2008-02-13","309,26"
"2008-02-15","-178,61"
"2008-02-18","539,12"
"2008-02-19","-1035,07"
"2008-02-20","-153,84"
"2008-02-21","528,70"
"2008-02-22","-135,67"
"2008-02-25","-537,03"
"2008-02-26","-525,04"
"2008-02-27","267,47"
"2008-02-28","-169,99"
"2008-02-29","1224,54"
"2008-03-03","-34,80"
"2008-03-04","977,94"
"2008-03-06","2718,55"
"2008-03-07","866,84"
"2008-03-11","-926,37"
"2008-03-12","952,49"
"2008-03-13","1247,50"
"2008-03-14","-351,36"
"2008-03-18","-906,98"
"2008-03-19","-1172,83"
"2008-03-20","-276,83"
"2008-03-25","1407,12"
"2008-03-26","-31,26"
"2008-03-27","-373,53"
"2008-03-28","118,48"
"2008-03-31","-30,66"
"2008-04-01","1766,05"
"2008-04-02","793,47"
"2008-04-03","463,51"
"2008-04-07","102,44"
"2008-04-08","-256,55"
"2008-04-09","1266,15"
"2008-04-11","1553,44"
"2008-04-14","70,67"
"2008-04-15","116,05"
"2008-04-16","1580,99"
"2008-04-17","-244,85"
"2008-04-18","-15,72"
"2008-04-21","551,93"
"2008-04-22","978,42"
"2008-04-24","387,13"
"2008-04-25","664,03"
"2008-04-28","131,64"
"2008-04-29","-75,46"
"2008-04-30","-673,95"
"2008-05-01","766,57"
"2008-05-02","981,61"
"2008-05-05","-467,98"
"2008-05-06","-318,28"
"2008-05-07","746,97"
"2008-05-08","969,19"
"2008-05-09","1478,52"
"2008-05-12","-446,70"
"2008-05-13","-247,57"
"2008-05-14","646,60"
"2008-05-15","203,50"
"2008-05-16","847,39"
"2008-05-19","614,24"
"2008-05-20","-217,08"
"2008-05-21","299,43"
"2008-05-22","345,47"
"2008-05-23","-1057,45"
"2008-05-26","113,04"
"2008-05-27","76,68"
"2008-05-30","71,41"
"2008-06-02","165,64"
"2008-06-03","921,83"
"2008-06-04","-365,39"
"2008-06-05","816,09"
"2008-06-06","178,07"
"2008-06-09","2140,61"
"2008-06-10","498,53"
"2008-06-11","1065,37"
"2008-06-12","-850,87"
"2008-06-13","-360,43"
"2008-06-18","-254,14"
"2008-06-19","-112,97"
"2008-06-23","225,40"
"2008-06-24","310,43"
"2008-06-25","-560,85"
"2008-06-26","2177,22"
"2008-06-27","824,62"
"2008-06-30","1427,61"
"2008-07-01","-699,98"
"2008-07-02","16,72"
"2008-07-03","-179,08"
"2008-07-04","2039,67"
"2008-07-07","352,07"
"2008-07-08","1436,34"
"2008-07-09","1138,91"
"2008-07-10","-24,69"
"2008-07-11","-1027,75"
"2008-07-14","1092,15"
"2008-07-15","-1573,79"
"2008-07-16","-1070,90"
"2008-07-18","2116,38"
"2008-07-21","1150,57"
"2008-07-24","-747,85"
"2008-07-25","419,42"
"2008-07-28","1977,30"
"2008-07-29","-8,70"
"2008-07-30","-1088,14"
"2008-07-31","824,04"
"2008-08-01","142,09"
"2008-08-04","301,79"
"2008-08-05","73,65"
"2008-08-06","-486,23"
"2008-08-07","1887,25"
"2008-08-08","39,77"
"2008-08-11","-504,63"
"2008-08-12","572,92"
"2008-08-13","-244,85"
"2008-08-14","129,22"
"2008-08-15","700,76"
"2008-08-18","968,25"
"2008-08-20","1858,97"
"2008-08-21","56,89"
"2008-08-22","-714,31"
"2008-08-25","2236,53"
"2008-08-26","-437,28"
"2008-08-27","-174,61"
"2008-08-28","114,34"
"2008-08-29","-690,64"
"2008-09-01","128,56"
"2008-09-02","-1553,56"
"2008-09-03","-602,28"
"2008-09-04","3350,59"
"2008-09-05","-414,45"
"2008-09-08","3119,72"
"2008-09-09","1497,84"
"2008-09-10","781,08"
"2008-09-11","-132,31"
"2008-09-12","803,58"
"2008-09-15","-427,77"
"2008-09-16","645,54"
"2008-09-17","1679,29"
"2008-09-18","2937,57"
"2008-09-19","5136,20"
"2008-09-22","812,71"
"2008-09-23","-171,35"
"2008-09-26","-526,59"
"2008-09-29","7271,98"
"2008-09-30","-326,11"
"2008-10-01","-589,27"
"2008-10-02","3693,43"
"2008-10-03","-266,00"
"2008-10-06","-320,65"
"2008-10-07","2733,45"
"2008-10-08","938,00"
"2008-10-09","524,47"
"2008-10-10","1534,89"
"2008-10-13","-423,13"
"2008-10-14","3964,07"
"2008-10-15","4357,74"
"2008-10-16","2040,69"
"2008-10-17","-1151,93"
"2008-10-20","25,41"
"2008-10-21","-436,80"
"2008-10-22","1426,52"
"2008-10-23","1329,52"
"2008-10-24","-1721,04"
"2008-10-27","-1,66"
"2008-10-28","2904,22"
"2008-10-29","-560,70"
"2008-10-30","3518,67"
"2008-10-31","183,89"
"2008-11-03","-378,77"
"2008-11-04","-138,81"
"2008-11-05","350,75"
"2008-11-06","3680,39"
"2008-11-07","771,48"
"2008-11-10","72,52"
"2008-11-11","-715,93"
"2008-11-12","164,79"
"2008-11-13","454,93"
"2008-11-17","-262,65"
"2008-11-18","-258,51"
"2008-11-20","-1590,03"
"2008-11-21","3084,75"
"2008-12-01","2911,24"
"2008-12-02","-1009,86"
"2008-12-03","-49,92"
"2008-12-04","74,88"
"2008-12-08","-777,34"
"2008-12-09","2584,97"
"2008-12-10","-726,60"
"2008-12-11","-1178,97"
"2008-12-12","2917,52"
"2008-12-15","-108,09"
"2008-12-16","2216,52"
"2008-12-18","-411,57"
"2008-12-19","-456,98"
"2008-12-22","3105,40"
"2008-12-24","-401,63"
"2008-12-26","169,18"
"2008-12-29","476,43"
"2009-01-02","494,18"
"2009-01-05","-816,39"
"2009-01-06","3374,51"
"2009-01-07","-58,07"
"2009-01-08","-55,40"
"2009-01-09","1398,61"
"2009-01-12","1190,22"
"2009-01-13","-366,64"
"2009-01-14","2820,17"
"2009-01-15","640,67"
"2009-01-16","271,82"
"2009-01-19","-711,11"
"2009-01-20","1475,70"
"2009-01-21","174,86"
"2009-01-22","-1632,95"
"2009-01-23","1813,79"
"2009-01-26","886,29"
"2009-01-27","-390,28"
"2009-01-29","-740,50"
"2009-02-02","-266,79"
"2009-02-03","-174,72"
"2009-02-06","1664,58"
"2009-02-09","181,75"
"2009-02-10","-821,03"
"2009-02-11","2646,81"
"2009-02-12","1166,01"
"2009-02-16","1684,46"
"2009-02-17","-266,79"
"2009-02-18","645,54"
"2009-02-19","-38,92"
"2009-02-20","-602,64"
"2009-02-23","1872,88"
"2009-02-24","-54,10"
"2009-02-25","582,63"
"2009-02-26","-208,76"
"2009-02-27","-794,30"
"2009-03-02","26,47"
"2009-03-03","1200,75"
"2009-03-04","-493,36"
"2009-03-05","874,00"
"2009-03-06","-728,26"
"2009-03-09","-1254,01"
"2009-03-10","1540,74"
"2009-03-11","945,06"
"2009-03-12","-229,67"
"2009-03-13","1449,10"
"2009-03-16","-695,95"
"2009-03-17","92,04"
"2009-03-18","115,62"
"2009-03-19","1514,17"
"2009-03-20","1801,63"
"2009-03-23","-577,05"
"2009-03-24","656,92"
"2009-03-25","216,47"
"2009-03-26","-93,39"
"2009-03-27","-197,24"
"2009-03-30","-618,75"
"2009-03-31","174,86"
"2009-04-01","-958,71"
"2009-04-02","-1122,59"
"2009-04-03","1280,78"
"2009-04-06","992,64"
"2009-04-07","-378,94"
"2009-04-08","520,13"
"2009-04-09","1003,53"
"2009-04-15","-46,95"
"2009-04-16","150,39"
"2009-04-17","1029,05"
"2009-04-20","79,41"
"2009-04-21","-327,43"
"2009-04-22","-1234,32"
"2009-04-23","-401,63"
"2009-04-24","-141,82"
"2009-04-27","-381,90"
"2009-04-28","40,84"
"2009-04-29","2571,93"
"2009-05-01","122,62"
"2009-05-04","1209,43"
"2009-05-05","-167,69"
"2009-05-06","937,17"
"2009-05-07","654,27"
"2009-05-08","112,89"
"2009-05-11","-159,08"
"2009-05-12","831,77"
"2009-05-14","32,71"
"2009-05-15","1051,95"
"2009-05-18","-104,16"
"2009-05-19","449,91"
"2009-05-20","101,91"
"2009-05-21","-956,95"
"2009-05-25","-67,94"
"2009-05-26","880,41"
"2009-05-27","-30,61"
"2009-05-28","-14,81"
"2009-05-29","-23,64"
"2009-06-01","-47,09"
"2009-06-02","388,27"
"2009-06-03","-656,13"
"2009-06-05","-292,23"
"2009-06-08","-89,05"
"2009-06-09","154,30"
"2009-06-10","1008,82"
"2009-06-11","63,53"
"2009-06-12","-695,78"
"2009-06-15","1028,81"
"2009-06-16","-512,37"
"2009-06-17","1330,60"
"2009-06-18","-375,34"
"2009-06-19","2181,53"
"2009-06-22","1874,09"
"2009-06-23","356,33"
"2009-06-24","-859,46"
"2009-06-25","1801,78"
"2009-06-26","1102,81"
"2009-06-29","578,90"
"2009-06-30","-194,99"
"2009-07-02","-49,76"
"2009-07-03","148,76"
"2009-07-06","-38,94"
"2009-07-07","95,22"
"2009-07-08","844,44"
"2009-07-09","169,14"
"2009-07-10","259,92"
"2009-07-13","959,83"
"2009-07-14","170,29"
"2009-07-15","499,20"
"2009-07-16","1292,54"
"2009-07-17","1563,28"
"2009-07-20","-739,79"
"2009-07-21","-262,51"
"2009-07-22","-555,89"
"2009-07-23","-1117,72"
"2009-07-24","237,04"
"2009-07-27","388,58"
"2009-07-28","138,89"
"2009-07-29","-163,06"
"2009-07-30","-409,57"
"2009-07-31","1974,50"
"2009-08-03","178,52"
"2009-08-04","-1177,58"
"2009-08-05","-1601,81"
"2009-08-06","148,45"
"2009-08-07","-1306,80"
"2009-08-11","460,63"
"2009-08-12","-336,46"
"2009-08-13","277,48"
"2009-08-14","2007,85"
"2009-08-18","26,96"
"2009-08-19","-97,28"
"2009-08-21","-645,34"
"2009-08-24","-1238,73"
"2009-08-25","73,36"
"2009-08-26","1074,73"
"2009-08-27","584,00"
"2009-08-28","1034,13"
"2009-08-31","245,06"
"2009-09-01","-456,98"
"2009-09-02","281,47"
"2009-09-03","589,24"
"2009-09-04","-170,49"
"2009-09-07","806,15"
"2009-09-08","829,60"
"2009-09-09","71,41"
"2009-09-10","228,60"
"2009-09-11","-124,03"
"2009-09-15","160,07"
"2009-09-16","-821,08"
"2009-09-17","475,94"
"2009-09-18","153,60"
"2009-09-21","-59,66"
"2009-09-22","493,63"
"2009-09-23","478,75"
"2009-09-24","221,54"
"2009-09-25","1694,07"
"2009-09-28","-1084,72"
"2009-09-29","-111,72"
"2009-09-30","-238,49"
"2009-10-01","467,01"
"2009-10-02","-880,92"
"2009-10-05","-288,57"
"2009-10-06","199,68"
"2009-10-07","1627,73"
"2009-10-08","-664,34"
"2009-10-09","-923,36"
"2009-10-12","-526,59"
"2009-10-13","379,32"
"2009-10-14","449,74"
"2009-10-15","-83,62"
"2009-10-16","337,62"
"2009-10-19","-144,46"
"2009-10-20","870,70"
"2009-10-21","1566,31"
"2009-10-22","300,19"
"2009-10-27","635,78"
"2009-10-28","-1341,13"
"2009-10-29","-1715,75"
"2009-10-30","910,97"
"2009-11-02","-683,87"
"2009-11-03","-755,13"
"2009-11-04","-481,05"
"2009-11-05","721,57"
"2009-11-09","-309,03"
"2009-11-10","338,36"
"2009-11-11","913,27"
"2009-11-12","110,18"
"2009-11-13","-2,98"
"2009-11-16","409,14"
"2009-11-17","220,24"
"2009-11-18","-96,98"
"2009-11-19","204,78"
"2009-11-20","-479,45"
"2009-11-24","-339,53"
"2009-11-25","-443,00"
"2009-11-26","698,88"
"2009-11-27","729,09"
"2009-12-03","259,94"
"2009-12-04","106,47"
"2009-12-07","330,16"
"2009-12-08","303,61"
"2009-12-09","56,34"
"2009-12-10","181,03"
"2009-12-11","-597,75"
"2009-12-14","79,41"
"2009-12-15","-631,07"
"2009-12-16","-711,91"
"2009-12-17","1027,27"
"2009-12-18","375,05"
"2009-12-21","100,30"
"2009-12-22","139,03"
"2009-12-23","594,45"
"2009-12-24","-139,43"
"2009-12-28","-89,38"
"2009-12-29","179,16"
"2009-12-30","-458,36"
"2009-12-31","608,12"
"2010-01-04","108,92"
"2010-01-05","244,04"
"2010-01-06","-27,75"
"2010-01-07","-537,77"
"2010-01-08","-509,01"
"2010-01-11","83,58"
"2010-01-12","-596,25"
"2010-01-13","697,08"
"2010-01-14","519,60"
"2010-01-15","288,37"
"2010-01-18","-98,62"
"2010-01-19","74,81"
"2010-01-20","340,82"
"2010-01-22","832,62"
"2010-01-25","1004,85"
"2010-01-26","672,66"
"2010-01-27","-439,88"
"2010-01-28","913,03"
"2010-01-29","582,15"
"2010-02-01","-336,40"
"2010-02-02","97,25"
"2010-02-03","-837,69"
"2010-02-04","2868,12"
"2010-02-05","-223,11"
"2010-02-08","444,73"
"2010-02-09","-472,68"
"2010-02-10","-530,79"
"2010-02-11","-492,39"
"2010-02-12","146,55"
"2010-02-15","-63,03"
"2010-02-17","-271,35"
"2010-02-18","449,91"
"2010-02-19","206,36"
"2010-02-22","68,77"
"2010-02-23","1041,49"
"2010-02-25","-220,10"
"2010-03-03","-522,12"
"2010-03-04","206,43"
"2010-03-05","-561,51"
"2010-03-08","30,50"
"2010-03-09","263,12"
"2010-03-10","-149,21"
"2010-03-11","-88,65"
"2010-03-12","-151,42"
"2010-03-15","-61,27"
"2010-03-16","-271,07"
"2010-03-17","-933,60"
"2010-03-18","-693,03"
"2010-03-19","1011,29"
"2010-03-22","484,20"
"2010-03-25","-438,29"
"2010-03-26","114,34"
"2010-03-29","-200,91"
"2010-03-30","241,59"
"2010-03-31","99,04"
"2010-04-01","-248,48"
"2010-04-06","-473,83"
"2010-04-07","-348,97"
"2010-04-08","-192,25"
"2010-04-09","1018,71"
"2010-04-13","-206,13"
"2010-04-14","-23,02"
"2010-04-15","-606,63"
"2010-04-16","6,44"
"2010-04-19","292,10"
"2010-04-20","253,25"
"2010-04-21","784,05"
"2010-04-22","68,77"
"2010-04-27","1599,34"
"2010-04-28","435,68"
"2010-04-29","495,98"
"2010-04-30","626,37"
"2010-05-03","-292,24"
"2010-05-04","1854,87"
"2010-05-05","337,57"
"2010-05-06","625,10"
"2010-05-07","1391,02"
"2010-05-10","-510,10"
"2010-05-11","-443,00"
"2010-05-12","135,05"
"2010-05-13","588,28"
"2010-05-14","-258,51"
"2010-05-17","1111,23"
"2010-05-18","1395,41"
"2010-05-19","693,91"
"2010-05-20","-322,10"
"2010-05-21","1601,38"
"2010-05-24","-91,82"
"2010-05-25","137,88"
"2010-05-27","163,79"
"2010-05-28","434,81"
"2010-06-01","-356,25"
"2010-06-02","-231,61"
"2010-06-03","378,80"
"2010-06-04","2537,97"
"2010-06-07","644,07"
"2010-06-08","1171,39"
"2010-06-09","-393,80"
"2010-06-10","-271,24"
"2010-06-11","710,23"
"2010-06-14","121,20"
"2010-06-15","2139,10"
"2010-06-16","-363,71"
"2010-06-17","225,08"
"2010-06-18","1117,19"
"2010-06-21","-201,53"
"2010-06-22","1912,84"
"2010-06-23","-192,31"
"2010-06-24","-695,67"
"2010-06-25","-39,77"
"2010-06-28","1169,72"
"2010-06-29","-985,62"
"2010-06-30","11,23"
"2010-07-01","647,79"
"2010-07-02","-185,64"
"2010-07-05","35,77"
"2010-07-06","-64,15"
"2010-07-07","468,43"
"2010-07-08","-314,34"
"2010-07-09","-241,66"
"2010-07-12","965,15"
"2010-07-13","953,08"
"2010-07-14","-401,47"
"2010-07-15","64,63"
"2010-07-16","-260,76"
"2010-07-19","375,75"
"2010-07-20","666,01"
"2010-07-21","-245,68"
"2010-07-22","143,34"
"2010-07-23","851,09"
"2010-07-26","-148,97"
"2010-07-27","703,73"
"2010-07-28","262,90"
"2010-07-29","596,16"
"2010-07-30","261,13"
"2010-08-02","-332,93"
"2010-08-03","1852,80"
"2010-08-04","-1057,18"
"2010-08-05","-220,10"
"2010-08-12","1035,03"
"2010-08-13","311,05"
"2010-08-16","248,13"
"2010-08-17","392,55"
"2010-08-18","31,48"
"2010-08-19","114,34"
"2010-08-20","392,01"
"2010-08-24","-877,27"
"2010-08-25","509,67"
"2010-08-26","-254,14"
"2010-08-27","700,61"
"2010-08-30","403,90"
"2010-08-31","106,35"
"2010-09-02","431,46"
"2010-09-03","-1097,87"
"2010-09-06","67,37"
"2010-09-07","392,71"
"2010-09-08","1818,59"
"2010-09-09","68,26"
"2010-09-10","967,84"
"2010-09-13","319,54"
"2010-09-14","300,12"
"2010-09-15","-290,65"
"2010-09-16","-61,27"
"2010-09-17","180,23"
"2010-09-20","1241,76"
"2010-09-21","-298,35"
"2010-09-22","64,35"
"2010-09-23","491,68"
"2010-09-24","-519,51"
"2010-09-27","2015,94"
"2010-09-28","-336,09"
"2010-09-29","-496,37"
"2010-09-30","-560,47"
"2010-10-01","-819,13"
"2010-10-04","634,96"
"2010-10-05","-23,64"
"2010-10-06","1210,88"
"2010-10-07","-889,43"
"2010-10-08","-1315,50"
"2010-10-11","15,76"
"2010-10-12","-819,13"
"2010-10-13","-234,04"
"2010-10-14","701,40"
"2010-10-19","862,56"
"2010-10-20","-152,03"
"2010-10-21","-344,90"
"2010-10-26","-258,86"
"2010-10-27","-163,37"
"2010-11-01","-1006,14"
"2010-11-02","-1003,26"
"2010-11-03","737,65"
"2010-11-04","1189,99"
"2010-11-05","-575,09"
"2010-11-08","-341,26"
"2010-11-09","55,12"
"2010-11-10","-103,90"
"2010-11-11","-174,72"
"2010-11-12","1709,99"
"2010-11-15","-357,48"
"2010-11-16","-1328,01"
"2010-11-17","288,40"
"2010-11-18","97,57"
"2010-11-22","-594,50"
"2010-11-23","-174,72"
"2010-11-24","-501,21"
"2010-11-26","173,34"
"2010-11-30","-435,67"
"2010-12-01","460,10"
"2010-12-02","618,25"
"2010-12-03","675,35"
"2010-12-06","84,76"
"2010-12-07","580,65"
"2010-12-08","130,91"
"2010-12-09","187,90"
"2010-12-10","84,76"
"2010-12-13","-9,00"
"2010-12-14","-17,48"
"2010-12-15","335,83"
"2010-12-16","27,34"
"2010-12-20","429,40"
"2010-12-22","665,77"
"2010-12-23","-438,49"
"2010-12-27","2,49"
"2010-12-28","112,89"
"2010-12-29","-166,47"
"2010-12-30","-848,45"
"2011-01-03","1525,84"
"2011-01-04","1930,03"
"2011-01-05","-470,54"
"2011-01-06","76,02"
"2011-01-07","1296,87"
"2011-01-10","74,88"
"2011-01-11","-526,59"
"2011-01-12","1772,00"
"2011-01-18","-66,69"
"2011-01-19","1547,44"
"2011-01-24","72,91"
"2011-01-26","1994,63"
"2011-01-27","225,33"
"2011-01-28","147,48"
"2011-01-31","-613,20"
"2011-02-01","1300,19"
"2011-02-02","341,96"
"2011-02-03","-681,89"
"2011-02-08","10,06"
"2011-02-09","52,19"
"2011-02-10","-78,98"
"2011-02-11","-628,32"
"2011-02-14","19,13"
"2011-02-15","-395,31"
"2011-02-16","806,93"
"2011-02-17","1093,23"
"2011-02-18","-282,69"
"2011-02-21","648,57"
"2011-02-22","524,77"
"2011-02-23","432,02"
"2011-02-24","555,27"
"2011-02-25","-169,29"
"2011-03-01","-85,85"
"2011-03-02","-679,57"
"2011-03-03","672,93"
"2011-03-04","29,83"
"2011-03-07","585,43"
"2011-03-08","264,10"
"2011-03-09","-214,74"
"2011-03-10","-538,17"
"2011-03-11","344,26"
"2011-03-14","-1074,22"
"2011-03-15","-395,63"
"2011-03-16","2580,87"
"2011-03-17","-74,81"
"2011-03-18","-825,84"
"2011-03-21","-512,54"
"2011-03-22","-386,48"
"2011-03-23","-401,63"
"2011-03-25","-16,62"
"2011-03-28","178,23"
"2011-03-29","539,12"
"2011-03-30","19,80"
"2011-03-31","147,92"
"2011-04-01","-317,36"
"2011-04-04","212,62"
"2011-04-06","314,66"
"2011-04-07","-549,12"
"2011-04-12","-534,92"
"2011-04-13","356,89"
"2011-04-14","-1081,67"
"2011-04-15","-39,29"
"2011-04-18","2471,17"
"2011-04-19","168,30"
"2011-04-20","283,24"
"2011-04-21","2142,41"
"2011-04-25","313,79"
"2011-04-26","-219,40"
"2011-04-27","347,52"
"2011-04-28","1852,22"
"2011-04-29","375,54"
"2011-05-02","712,84"
"2011-05-05","974,68"
"2011-05-06","-710,42"
"2011-05-09","159,33"
"2011-05-11","468,79"
"2011-05-12","315,10"
"2011-05-13","449,10"
"2011-05-16","-401,56"
"2011-05-17","774,03"
"2011-05-18","-105,63"
"2011-05-19","92,77"
"2011-05-20","665,77"
"2011-05-24","348,26"
"2011-05-25","565,93"
"2011-05-26","746,08"
"2011-05-30","48,06"
"2011-05-31","159,77"
"2011-06-01","1003,54"
"2011-06-02","422,49"
"2011-06-03","-778,74"
"2011-06-06","-40,09"
"2011-06-07","1295,47"
"2011-06-08","153,92"
"2011-06-09","39,28"
"2011-06-10","1132,92"
"2011-06-13","43,65"
"2011-06-14","-6,86"
"2011-06-15","1188,85"
"2011-06-16","130,52"
"2011-06-17","426,04"
"2011-06-20","-351,57"
"2011-06-21","-722,70"
"2011-06-22","1084,31"
"2011-06-23","663,40"
"2011-06-27","186,68"
"2011-06-28","350,61"
"2011-06-29","-12,56"
"2011-06-30","-1247,25"
"2011-07-01","-445,88"
"2011-07-04","27,25"
"2011-07-05","-213,50"
"2011-07-06","360,72"
"2011-07-07","-266,93"
"2011-07-08","4657,64"
"2011-07-12","992,65"
"2011-07-13","251,92"
"2011-07-14","-466,28"
"2011-07-15","356,33"
"2011-07-18","869,06"
"2011-07-19","676,19"
"2011-07-20","123,42"
"2011-07-21","-798,24"
"2011-07-22","5,64"
"2011-07-25","342,44"
"2011-07-26","945,23"
"2011-07-27","727,19"
"2011-07-28","337,62"
"2011-07-29","233,17"
"2011-08-01","966,10"
"2011-08-02","-174,58"
"2011-08-03","1100,69"
"2011-08-04","176,83"
"2011-08-05","2272,06"
"2011-08-08","5060,09"
"2011-08-09","1653,22"
"2011-08-10","1867,30"
"2011-08-11","1113,14"
"2011-08-15","319,03"
"2011-08-16","-840,03"
"2011-08-17","1768,64"
"2011-08-18","1243,46"
"2011-08-19","1045,47"
"2011-08-22","1626,68"
"2011-08-23","1596,34"
"2011-08-25","1714,41"
"2011-08-26","867,64"
"2011-08-29","-43,33"
"2011-08-30","2988,66"
"2011-08-31","-1740,21"
"2011-09-01","2557,42"
"2011-09-02","-486,36"
"2011-09-05","-337,22"
"2011-09-06","1091,36"
"2011-09-07","1022,38"
"2011-09-08","-527,59"
"2011-09-09","1437,29"
"2011-09-12","128,68"
"2011-09-15","118,48"
"2011-09-16","-91,87"
"2011-09-19","-741,93"
"2011-09-20","-107,76"
"2011-09-21","16,34"
"2011-09-22","-1014,02"
"2011-09-23","-403,59"
"2011-09-26","-191,82"
"2011-09-27","2302,80"
"2011-09-28","1334,93"
"2011-09-29","412,62"
"2011-09-30","-860,92"
"2011-10-03","37,61"
"2011-10-04","-119,56"
"2011-10-05","-338,52"
"2011-10-06","-860,92"
"2011-10-07","-1190,13"
"2011-10-10","415,24"
"2011-10-11","637,62"
"2011-10-12","-1490,44"
"2011-10-13","241,15"
"2011-10-14","133,73"
"2011-10-17","1478,71"
"2011-10-18","-1201,35"
"2011-10-19","-135,11"
"2011-10-20","923,87"
"2011-10-21","1041,47"
"2011-10-24","-1261,57"
"2011-10-25","-71,81"
"2011-10-26","-1121,90"
"2011-10-27","56,63"
"2011-10-28","337,62"
"2011-10-31","1561,47"
"2011-11-01","-769,76"
"2011-11-02","771,19"
"2011-11-03","-173,97"
"2011-11-04","3426,74"
"2011-11-07","-163,37"
"2011-11-08","-629,48"
"2011-11-09","3362,85"
"2011-11-10","84,24"
"2011-11-11","-265,02"
"2011-11-14","3485,32"
"2011-11-15","-825,60"
"2011-11-16","664,84"
"2011-11-17","-860,92"
"2011-11-18","3215,46"
"2011-11-21","-1069,72"
"2011-11-22","905,76"
"2011-11-23","4384,21"
"2011-11-24","1157,33"
"2011-11-25","96,88"
"2011-11-30","-164,60"
"2011-12-01","998,40"
"2011-12-02","53,80"
"2011-12-05","-472,70"
"2011-12-06","89,48"
"2011-12-07","744,08"
"2011-12-08","2622,46"
"2011-12-09","310,47"
"2011-12-12","3116,89"
"2011-12-13","-46,15"
"2011-12-14","3191,57"
"2011-12-15","151,43"
"2011-12-16","1358,46"
"2011-12-19","-669,00"
"2011-12-21","297,22"
"2011-12-22","309,44"
"2011-12-23","-939,12"
"2011-12-27","384,84"
"2011-12-28","139,20"
"2011-12-29","-38,57"
"2012-01-03","-46,51"
"2012-01-04","-1674,60"
"2012-01-05","636,67"
"2012-01-06","-125,82"
"2012-01-09","419,19"
"2012-01-10","-131,19"
"2012-01-11","1663,77"
"2012-01-12","626,01"
"2012-01-13","88,42"
"2012-01-17","53,12"
"2012-01-18","1143,23"
"2012-01-19","-571,95"
"2012-01-20","2222,26"
"2012-01-23","1143,72"
"2012-01-24","-612,98"
"2012-01-26","1401,87"
"2012-01-27","-141,82"
"2012-01-30","-376,91"
"2012-01-31","414,06"
"2012-02-01","-645,41"
"2012-02-02","113,66"
"2012-02-03","796,96"
"2012-02-06","-860,92"
"2012-02-07","807,84"
"2012-02-08","228,89"
"2012-02-09","-247,77"
"2012-02-10","-45,97"
"2012-02-13","-655,90"
"2012-02-14","-1105,34"
"2012-02-15","368,35"
"2012-02-17","-248,60"
"2012-02-20","-514,14"
"2012-02-21","-126,50"
"2012-02-22","2095,55"
"2012-02-23","225,34"
"2012-02-24","35,46"
"2012-02-27","812,19"
"2012-02-28","-424,32"
"2012-02-29","-310,87"
"2012-03-01","-386,72"
"2012-03-02","409,70"
"2012-03-06","-1103,44"
"2012-03-07","-1213,06"
"2012-03-08","-187,97"
"2012-03-09","-443,00"
"2012-03-12","-256,59"
"2012-03-13","-620,44"
"2012-03-14","475,88"
"2012-03-15","-540,95"
"2012-03-16","9,75"
"2012-03-19","-121,51"
"2012-03-20","-262,65"
"2012-03-21","-344,90"
"2012-03-22","-229,51"
"2012-03-23","1523,21"
"2012-03-26","1061,53"
"2012-03-27","-897,50"
"2012-03-28","2094,68"
"2012-03-29","481,40"
"2012-03-30","-394,87"
"2012-04-02","1979,04"
"2012-04-03","-80,76"
"2012-04-04","1198,38"
"2012-04-05","2735,53"
"2012-04-06","225,33"
"2012-04-09","417,52"
"2012-04-10","97,70"
"2012-04-11","-6,60"
"2012-04-12","520,99"
"2012-04-16","-222,48"
"2012-04-17","334,42"
"2012-04-18","330,91"
"2012-04-19","84,39"
"2012-04-20","39,77"
"2012-04-23","-341,36"
"2012-04-24","237,22"
"2012-04-25","-516,07"
"2012-04-26","1957,49"
"2012-04-27","574,57"
"2012-04-30","627,21"
"2012-05-02","14,91"
"2012-05-03","-197,41"
"2012-05-04","52,20"
"2012-05-07","424,30"
"2012-05-08","-513,50"
"2012-05-10","-13,16"
"2012-05-11","159,91"
"2012-05-14","-159,08"
"2012-05-15","-3,94"
"2012-05-16","815,51"
"2012-05-17","960,54"
"2012-05-18","886,96"
"2012-05-21","-415,70"
"2012-05-22","-1083,25"
"2012-05-23","1397,74"
"2012-05-24","-424,32"
"2012-05-25","1324,27"
"2012-05-28","142,95"
"2012-05-29","399,01"
"2012-05-30","996,08"
"2012-06-04","375,05"
"2012-06-05","-678,60"
"2012-06-06","1079,41"
"2012-06-07","188,87"
"2012-06-08","-431,32"
"2012-06-11","1311,62"
"2012-06-12","1939,17"
"2012-06-13","-1328,83"
"2012-06-14","-412,97"
"2012-06-15","-777,34"
"2012-06-19","4173,64"
"2012-06-20","308,40"
"2012-06-21","186,10"
"2012-06-22","2436,25"
"2012-06-26","-45,08"
"2012-06-27","1625,71"
"2012-06-28","-295,79"
"2012-06-29","-186,40"
"2012-07-02","-806,70"
"2012-07-03","-682,27"
"2012-07-04","2148,21"
"2012-07-05","-184,71"
"2012-07-06","689,16"
"2012-07-10","741,30"
"2012-07-11","987,56"
"2012-07-12","-329,23"
"2012-07-13","-360,47"
"2012-07-17","616,65"
"2012-07-18","-243,40"
"2012-07-19","125,69"
"2012-07-20","1495,00"
"2012-07-24","94,36"
"2012-07-25","-543,01"
"2012-07-26","-338,19"
"2012-07-27","2041,56"
"2012-07-30","630,72"
"2012-07-31","1459,70"
"2012-08-01","1420,02"
"2012-08-02","1168,31"
"2012-08-03","2086,07"
"2012-08-06","-390,74"
"2012-08-07","-207,65"
"2012-08-08","109,39"
"2012-08-09","262,47"
"2012-08-10","-839,69"
"2012-08-13","-184,71"
"2012-08-14","1414,17"
"2012-08-16","-74,63"
"2012-08-17","122,26"
"2012-08-20","88,42"
"2012-08-21","-164,42"
"2012-08-22","40,18"
"2012-08-23","1054,51"
"2012-08-24","-422,10"
"2012-08-27","-362,81"
"2012-08-28","-811,52"
"2012-08-29","-1271,31"
"2012-08-30","-390,25"
"2012-08-31","89,48"
"2012-09-03","10,39"
"2012-09-04","-363,38"
"2012-09-05","-236,95"
"2012-09-07","94,32"
"2012-09-10","-72,08"
"2012-09-12","93,63"
"2012-09-13","-469,70"
"2012-09-14","-729,06"
"2012-09-18","-27,75"
"2012-09-19","-601,49"
"2012-09-20","-179,79"
"2012-09-21","-215,94"
"2012-09-24","-169,68"
"2012-09-25","-805,21"
"2012-09-26","1003,04"
"2012-09-27","-499,29"
"2012-09-28","-714,65"
"2012-10-01","-748,25"
"2012-10-02","-211,12"
"2012-10-03","-265,48"
"2012-10-04","-1074,71"
"2012-10-05","315,43"
"2012-10-08","-500,12"
"2012-10-09","-845,44"
"2012-10-10","-461,09"
"2012-10-11","-383,74"
"2012-10-12","1525,61"
"2012-10-15","249,68"
"2012-10-16","1031,90"
"2012-10-17","217,28"
"2012-10-18","167,50"
"2012-10-19","-101,08"
"2012-10-22","167,50"
"2012-10-23","-1710,70"
"2012-10-24","790,69"
"2012-10-25","388,11"
"2012-10-26","266,44"
"2012-10-29","954,31"
"2012-10-30","188,91"
"2012-10-31","772,34"
"2012-11-01","200,57"
"2012-11-02","55,15"
"2012-11-05","-190,82"
"2012-11-06","222,37"
"2012-11-07","43,91"
"2012-11-08","741,09"
"2012-11-09","231,10"
"2012-11-12","676,49"
"2012-11-13","850,28"
"2012-11-15","900,55"
"2012-11-16","485,56"
"2012-11-19","174,46"
"2012-11-20","669,96"
"2012-11-21","246,58"
"2012-11-23","-285,63"
"2012-11-26","-171,35"
"2012-11-27","189,35"
"2012-11-28","121,05"
"2012-11-29","191,65"
"2012-11-30","-351,00"
"2012-12-03","328,52"
"2012-12-04","-99,29"
"2012-12-05","1171,03"
"2012-12-06","-435,91"
"2012-12-12","75,38"
"2012-12-13","10,77"
"2012-12-14","-391,22"
"2012-12-17","72,29"
"2012-12-18","-484,79"
"2012-12-19","154,28"
"2012-12-20","-533,12"
"2012-12-21","-161,76"
"2012-12-24","-254,14"
"2012-12-26","712,06"
"2012-12-27","2823,57"
"2012-12-28","44,21"
"2012-12-31","1742,58"
"2013-01-02","517,96"
"2013-01-03","493,49"
"2013-01-04","112,55"
"2013-01-07","-154,94"
"2013-01-08","154,30"
"2013-01-09","-74,63"
"2013-01-10","589,16"
"2013-01-11","-176,47"
"2013-01-14","-208,76"
"2013-01-15","-1382,77"
"2013-01-16","-957,87"
"2013-01-17","483,32"
"2013-01-18","-117,60"
"2013-01-21","-328,01"
"2013-01-22","-1115,57"
"2013-01-23","-186,23"
"2013-01-24","-1080,49"
"2013-01-25","2678,68"
"2013-01-28","372,83"
"2013-01-30","85,62"
"2013-02-01","-535,76"
"2013-02-04","1350,48"
"2013-02-05","204,78"
"2013-02-06","-339,37"
"2013-02-07","741,56"
"2013-02-08","-1085,81"
"2013-02-11","-93,62"
"2013-02-12","-213,14"
"2013-02-13","350,09"
"2013-02-14","-254,08"
"2013-02-15","-526,55"
"2013-02-18","-108,66"
"2013-02-19","-811,60"
"2013-02-20","257,92"
"2013-02-21","-79,74"
"2013-02-22","-85,24"
"2013-02-25","468,79"
"2013-02-26","510,55"
"2013-02-28","318,95"
"2013-03-01","60,48"
"2013-03-06","309,54"
"2013-03-07","186,31"
"2013-03-08","724,41"
"2013-03-11","68,73"
"2013-03-12","-217,18"
"2013-03-14","32,51"
"2013-03-15","94,55"
"2013-03-18","-579,42"
"2013-03-19","1916,39"
"2013-03-20","122,26"
"2013-03-21","69,17"
"2013-03-25","2805,33"
"2013-03-26","94,55"
"2013-04-03","350,61"
"2013-04-04","1064,95"
"2013-04-05","-989,41"
"2013-04-08","984,82"
"2013-04-10","-476,23"
"2013-04-11","-67,45"
"2013-04-12","-427,83"
"2013-04-15","3194,88"
"2013-04-16","-767,74"
"2013-04-17","1834,69"
"2013-04-18","700,00"
"2013-04-19","-778,66"
"2013-04-22","397,43"
"2013-04-24","-763,98"
"2013-04-26","54,57"
"2013-04-29","-435,46"
"2013-04-30","-734,18"
"2013-05-01","1561,14"
"2013-05-02","39,73"
"2013-05-03","447,66"
"2013-05-06","-339,73"
"2013-05-07","862,26"
"2013-05-08","-82,83"
"2013-05-09","-516,03"
"2013-05-10","226,14"
"2013-05-14","-309,03"
"2013-05-15","247,48"
"2013-05-16","273,97"
"2013-05-17","-374,44"
"2013-05-20","-377,74"
"2013-05-21","56,63"
"2013-05-22","782,61"
"2013-05-23","-535,76"
"2013-05-24","-372,53"
"2013-05-27","45,33"
"2013-05-28","-84,01"
"2013-05-29","-296,52"
"2013-05-30","154,30"
"2013-06-04","-174,72"
"2013-06-06","234,64"
"2013-06-07","98,59"
"2013-06-10","1620,76"
"2013-06-11","-457,36"
"2013-06-12","1087,86"
"2013-06-13","1497,77"
"2013-06-14","461,85"
"2013-06-17","-595,24"
"2013-06-18","162,99"
"2013-06-19","-369,49"
"2013-06-20","94,32"
"2013-06-21","1735,48"
"2013-06-24","48,06"
"2013-06-25","-535,78"
"2013-06-28","603,20"
"2013-07-01","173,48"
"2013-07-02","-710,14"
"2013-07-04","1149,91"
"2013-07-05","-1145,93"
"2013-07-08","-875,48"
"2013-07-09","1076,60"
"2013-07-11","-121,12"
"2013-07-12","1046,09"
"2013-07-15","-327,38"
"2013-07-16","268,18"
"2013-07-17","343,40"
"2013-07-18","-123,35"
"2013-07-22","-301,44"
"2013-07-23","216,02"
"2013-07-24","1816,50"
"2013-07-25","-49,92"
"2013-07-29","335,83"
"2013-07-30","-83,96"
"2013-07-31","-288,17"
"2013-08-01","240,88"
"2013-08-05","1220,48"
"2013-08-06","301,79"
"2013-08-07","-234,04"
"2013-08-09","-43,33"
"2013-08-12","-980,49"
"2013-08-16","-79,08"
"2013-08-19","77,02"
"2013-08-20","93,89"
"2013-08-21","108,60"
"2013-08-22","-536,52"
"2013-08-27","60,29"
"2013-08-28","1086,66"
"2013-08-29","298,65"
"2013-08-30","-252,87"
"2013-09-03","-456,53"
"2013-09-04","471,97"
"2013-09-06","48,06"
"2013-09-10","-8,36"
"2013-09-11","318,90"
"2013-09-12","-186,30"
"2013-09-13","74,85"
"2013-09-16","-100,42"
"2013-09-17","1061,75"
"2013-09-18","1197,45"
"2013-09-19","300,75"
"2013-09-20","-309,96"
"2013-09-23","-726,98"
"2013-09-24","755,19"
"2013-09-26","-780,18"
"2013-09-27","998,84"
"2013-09-30","-416,47"
"2013-10-01","84,88"
"2013-10-02","-865,38"
"2013-10-03","1663,81"
"2013-10-04","-112,14"
"2013-10-07","-145,96"
"2013-10-08","550,18"
"2013-10-09","15,00"
"2013-10-10","-683,53"
"2013-10-11","-158,08"
"2013-10-14","30,72"
"2013-10-15","-1,61"
"2013-10-16","31,20"
"2013-10-17","-147,35"
"2013-10-18","-256,16"
"2013-10-21","-18,51"
"2013-10-22","930,36"
"2013-10-23","-288,17"
"2013-10-25","112,22"
"2013-10-28","-74,71"
"2013-10-29","-609,91"
"2013-10-30","1100,60"
"2013-11-05","-117,99"
"2013-11-06","-299,01"
"2013-11-07","742,99"
"2013-11-08","691,17"
"2013-11-11","-338,52"
"2013-11-12","-32,05"
"2013-11-13","1144,73"
"2013-11-15","17,71"
"2013-11-18","1136,81"
"2013-11-20","-419,14"
"2013-11-21","205,48"
"2013-11-22","-651,96"
"2013-11-25","215,52"
"2013-11-26","1151,19"
"2013-11-27","-681,99"
"2013-11-28","353,59"
"2013-11-29","-197,82"
"2013-12-02","820,48"
"2013-12-03","-443,00"
"2013-12-04","1630,87"
"2013-12-05","591,18"
"2013-12-06","-280,91"
"2013-12-12","262,76"
"2013-12-13","463,19"
"2013-12-16","-516,94"
"2013-12-17","-673,17"
"2013-12-18","-897,43"
"2013-12-19","-17,97"
"2013-12-20","-841,20"
"2013-12-23","-265,86"
"2013-12-24","-86,78"
"2013-12-26","-113,88"
"2013-12-27","315,87"
"2013-12-30","19,06"
"2013-12-31","-168,39"
"2014-01-02","-38,94"
"2014-01-06","35,46"
"2014-01-07","-282,05"
"2014-01-08","-818,79"
"2014-01-09","-852,87"
"2014-01-10","1775,08"
"2014-01-13","810,77"
"2014-01-14","-1345,67"
"2014-01-15","-317,62"
"2014-01-16","759,22"
"2014-01-17","14,91"
"2014-01-20","56,34"
"2014-01-23","1000,62"
"2014-01-24","-1159,58"
"2014-01-27","684,62"
"2014-01-28","369,98"
"2014-01-29","146,23"
"2014-01-30","-205,90"
"2014-01-31","711,92"
"2014-02-04","-825,22"
"2014-02-05","547,28"
"2014-02-06","-1240,77"
"2014-02-07","118,48"
"2014-02-12","124,67"
"2014-02-13","711,51"
"2014-02-14","-483,49"
"2014-02-17","118,15"
"2014-02-18","-451,59"
"2014-02-19","-436,82"
"2014-02-21","437,55"
"2014-02-24","-399,31"
"2014-02-25","113,06"
"2014-02-26","35,39"
"2014-03-05","157,02"
"2014-03-06","-354,76"
"2014-03-07","-347,01"
"2014-03-10","-666,69"
"2014-03-11","-388,28"
"2014-03-12","106,91"
"2014-03-13","191,94"
"2014-03-14","36,99"
"2014-03-17","-2772,55"
"2014-03-18","534,51"
"2014-03-19","434,64"
"2014-03-20","344,31"
"2014-03-24","239,24"
"2014-03-25","-184,44"
"2014-03-26","-206,75"
"2014-03-27","317,89"
"2014-03-28","-597,75"
"2014-03-31","-916,08"
"2014-04-01","-648,22"
"2014-04-02","770,27"
"2014-04-03","403,90"
"2014-04-04","789,88"
"2014-04-07","-540,78"
"2014-04-08","-87,64"
"2014-04-09","-457,03"
"2014-04-10","2636,51"
"2014-04-11","691,37"
"2014-04-14","-1240,48"
"2014-04-15","1609,78"
"2014-04-17","222,05"
"2014-04-22","-213,14"
"2014-04-23","101,05"
"2014-04-24","-376,19"
"2014-04-25","413,75"
"2014-04-28","-733,81"
"2014-04-29","-476,46"
"2014-04-30","214,38"
"2014-05-01","-651,23"
"2014-05-02","225,68"
"2014-05-05","-628,54"
"2014-05-06","837,07"
"2014-05-07","56,39"
"2014-05-08","-710,35"
"2014-05-09","190,14"
"2014-05-12","1185,84"
"2014-05-13","2246,62"
"2014-05-14","1140,97"
"2014-05-16","225,33"
"2014-05-20","159,91"
"2014-05-21","-119,39"
"2014-05-22","-243,63"
"2014-05-23","-621,85"
"2014-05-26","-659,83"
"2014-05-27","497,23"
"2014-05-28","486,12"
"2014-05-29","-5,64"
"2014-05-30","-65,26"
"2014-06-02","302,96"
"2014-06-03","458,62"
"2014-06-04","-760,40"
"2014-06-05","2463,24"
"2014-06-06","-560,70"
"2014-06-09","115,69"
"2014-06-10","601,81"
"2014-06-11","-885,43"
"2014-06-13","-1409,56"
"2014-06-16","-833,53"
"2014-06-17","326,91"
"2014-06-19","466,09"
"2014-06-20","-102,76"
"2014-06-23","326,72"
"2014-06-24","-417,59"
"2014-06-25","1010,26"
"2014-06-26","-83,96"
"2014-07-02","123,29"
"2014-07-03","190,33"
"2014-07-04","-45,48"
"2014-07-07","1462,82"
"2014-07-08","1390,56"
"2014-07-09","300,14"
"2014-07-10","854,56"
"2014-07-11","159,91"
"2014-07-14","-95,30"
"2014-07-15","-340,99"
"2014-07-17","-96,94"
"2014-07-22","176,99"
"2014-07-23","350,61"
"2014-07-24","290,45"
"2014-07-25","519,98"
"2014-07-28","-97,69"
"2014-07-29","-299,52"
"2014-07-30","-531,56"
"2014-07-31","118,59"
"2014-08-01","-149,27"
"2014-08-04","700,08"
"2014-08-05","-906,80"
"2014-08-06","2287,13"
"2014-08-07","-75,30"
"2014-08-08","1446,26"
"2014-08-11","-220,61"
"2014-08-12","-269,26"
"2014-08-13","1978,56"
"2014-08-15","904,34"
"2014-08-18","-309,46"
"2014-08-19","-355,43"
"2014-08-20","298,66"
"2014-08-21","156,06"
"2014-08-22","150,39"
"2014-08-25","-130,89"
"2014-08-26","-102,76"
"2014-09-03","-1207,42"
"2014-09-04","51,49"
"2014-09-05","31,48"
"2014-09-08","516,13"
"2014-09-09","-85,76"
"2014-09-10","-610,17"
"2014-09-11","-537,77"
"2014-09-12","371,95"
"2014-09-15","375,72"
"2014-09-16","504,96"
"2014-09-17","-163,37"
"2014-09-18","-242,79"
"2014-09-22","-413,54"
"2014-09-23","262,76"
"2014-09-24","-1152,76"
"2014-09-25","2379,15"
"2014-09-26","151,32"
"2014-09-29","109,70"
"2014-09-30","212,88"
"2014-10-01","1186,91"
"2014-10-02","900,44"
"2014-10-06","-254,15"
"2014-10-07","-270,81"
"2014-10-08","440,14"
"2014-10-09","-998,46"
"2014-10-10","1504,87"
"2014-10-13","601,23"
"2014-10-14","-712,94"
"2014-10-15","-756,23"
"2014-10-16","824,21"
"2014-10-20","-1228,32"
"2014-10-21","-150,45"
"2014-10-22","-114,18"
"2014-10-23","19,06"
"2014-10-24","-323,79"
"2014-10-27","-221,91"
"2014-10-28","-637,80"
"2014-10-29","246,26"
"2014-10-30","1003,12"
"2014-10-31","479,37"
"2014-11-03","-159,66"
"2014-11-04","-167,49"
"2014-11-05","-578,22"
"2014-11-06","-284,21"
"2014-11-07","-1102,57"
"2014-11-10","-119,70"
"2014-11-11","386,67"
"2014-11-13","267,47"
"2014-11-18","-220,10"
"2014-11-19","601,81"
"2014-11-20","634,60"
"2014-11-21","162,99"
"2014-11-24","-293,80"
"2014-11-25","460,07"
"2014-11-26","356,33"
"2014-11-27","169,68"
"2014-11-28","125,82"
"2014-12-01","31,48"
"2014-12-02","-937,92"
"2014-12-03","452,92"
"2014-12-04","-435,67"
"2014-12-08","1646,62"
"2014-12-09","-980,79"
"2014-12-10","968,79"
"2014-12-11","-1206,48"
"2014-12-12","-887,25"
"2014-12-15","1424,32"
"2014-12-16","262,77"
"2014-12-17","2019,35"
"2014-12-19","1185,63"
"2014-12-22","240,10"
"2014-12-23","-491,73"
"2014-12-24","19,06"
"2014-12-29","941,90"
"2014-12-31","1027,90"
"2015-01-02","1778,51"
"2015-01-05","305,70"
"2015-01-06","1360,84"
"2015-01-07","-959,78"
"2015-01-08","133,94"
"2015-01-09","-1164,43"
"2015-01-12","801,35"
"2015-01-14","-585,78"
"2015-01-15","1390,95"
"2015-01-16","253,82"
"2015-01-19","-167,31"
"2015-01-20","-415,15"
"2015-01-21","1022,91"
"2015-01-22","1658,78"
"2015-01-23","506,05"
"2015-01-26","159,91"
"2015-01-27","74,85"
"2015-01-28","1384,70"
"2015-01-29","713,49"
"2015-02-02","164,05"
"2015-02-04","-1079,65"
"2015-02-05","251,05"
"2015-02-06","-1196,82"
"2015-02-09","-467,69"
"2015-02-10","-692,56"
"2015-02-11","-333,57"
"2015-02-12","1367,26"
"2015-02-13","-427,87"
"2015-02-16","909,38"
"2015-02-17","284,07"
"2015-02-18","-534,41"
"2015-02-19","-526,59"
"2015-02-20","686,21"
"2015-02-23","-28,34"
"2015-02-24","-856,57"
"2015-02-25","371,00"
"2015-02-26","97,77"
"2015-02-27","-594,86"
"2015-03-02","-1563,07"
"2015-03-03","-395,98"
"2015-03-04","-589,27"
"2015-03-05","-476,90"
"2015-03-06","-935,00"
"2015-03-09","-186,03"
"2015-03-10","-1376,86"
"2015-03-11","-526,03"
"2015-03-12","-628,13"
"2015-03-13","-828,38"
"2015-03-16","-66,87"
"2015-03-17","139,34"
"2015-03-18","3525,95"
"2015-03-19","560,37"
"2015-03-20","-1053,41"
"2015-03-23","121,71"
"2015-03-24","-634,42"
"2015-03-25","1775,75"
"2015-03-26","-361,29"
"2015-03-27","-593,62"
"2015-03-30","210,50"
"2015-03-31","866,44"
"2015-04-01","-306,58"
"2015-04-02","221,04"
"2015-04-06","-718,38"
"2015-04-07","158,00"
"2015-04-08","43,91"
"2015-04-09","-435,67"
"2015-04-14","-349,05"
"2015-04-21","433,33"
"2015-04-22","319,71"
"2015-04-23","-105,23"
"2015-04-24","-873,05"
"2015-04-27","-294,22"
"2015-04-28","74,28"
"2015-04-29","1578,19"
"2015-04-30","-614,71"
"2015-05-01","-641,06"
"2015-05-04","-617,19"
"2015-05-05","-328,93"
"2015-05-06","-1,66"
"2015-05-07","319,38"
"2015-05-11","202,67"
"2015-05-12","-904,93"
"2015-05-13","-242,79"
"2015-05-14","1232,12"
"2015-05-15","412,48"
"2015-05-19","807,05"
"2015-05-20","101,91"
"2015-05-21","89,48"
"2015-05-25","-217,10"
"2015-05-26","501,97"
"2015-05-27","400,64"
"2015-05-29","323,82"
"2015-06-01","-1080,00"
"2015-06-02","4579,88"
"2015-06-03","1184,37"
"2015-06-05","300,19"
"2015-06-08","-492,39"
"2015-06-09","-110,46"
"2015-06-10","-43,63"
"2015-06-11","85,34"
"2015-06-12","95,31"
"2015-06-15","-555,46"
"2015-06-16","992,35"
"2015-06-17","-809,60"
"2015-06-18","1061,94"
"2015-06-19","657,79"
"2015-06-22","724,86"
"2015-06-23","75,38"
"2015-06-24","-386,32"
"2015-06-26","2991,69"
"2015-06-29","-944,51"
"2015-06-30","1430,28"
"2015-07-01","-304,47"
"2015-07-03","833,73"
"2015-07-07","2120,39"
"2015-07-08","1186,74"
"2015-07-09","302,20"
"2015-07-10","2001,86"
"2015-07-14","-555,46"
"2015-07-15","2291,22"
"2015-07-16","-775,40"
"2015-07-17","-759,39"
"2015-07-20","918,50"
"2015-07-21","-444,20"
"2015-07-22","961,33"
"2015-07-23","-1064,36"
"2015-07-24","895,45"
"2015-07-27","-949,34"
"2015-07-28","1204,02"
"2015-07-29","-49,92"
"2015-07-30","2202,00"
"2015-07-31","50,91"
"2015-08-03","664,50"
"2015-08-04","40,84"
"2015-08-05","428,89"
"2015-08-06","1032,26"
"2015-08-07","507,27"
"2015-08-11","910,63"
"2015-08-13","-72,61"
"2015-08-14","110,20"
"2015-08-17","1301,61"
"2015-08-19","-1331,60"
"2015-08-20","-594,07"
"2015-08-21","-328,81"
"2015-08-25","515,78"
"2015-08-26","95,99"
"2015-08-28","923,13"
"2015-08-31","2148,69"
"2015-09-01","1958,23"
"2015-09-02","860,03"
"2015-09-04","727,19"
"2015-09-08","-424,32"
"2015-09-09","1118,50"
"2015-09-10","120,26"
"2015-09-11","622,71"
"2015-09-14","-288,17"
"2015-09-15","2221,98"
"2015-09-16","393,02"
"2015-09-18","565,55"
"2015-09-21","-340,94"
"2015-09-22","-635,56"
"2015-09-23","1398,92"
"2015-09-28","2404,47"
"2015-09-29","-155,89"
"2015-09-30","-193,09"
"2015-10-01","268,39"
"2015-10-05","-74,63"
"2015-10-06","1274,37"
"2015-10-07","1415,83"
"2015-10-08","-401,21"
"2015-10-09","237,64"
"2015-10-12","1181,02"
"2015-10-13","937,59"
"2015-10-14","551,28"
"2015-10-15","1243,46"
"2015-10-16","-762,30"
"2015-10-20","2497,09"
"2015-10-21","312,55"
"2015-10-22","1380,30"
"2015-10-23","15,56"
"2015-10-26","-229,16"
"2015-10-27","937,89"
"2015-10-28","-99,02"
"2015-10-29","478,30"
"2015-10-30","-227,33"
"2015-11-02","2285,16"
"2015-11-03","1007,26"
"2015-11-04","2376,26"
"2015-11-05","-571,81"
"2015-11-06","961,16"
"2015-11-09","-174,72"
"2015-11-10","52,19"
"2015-11-11","-472,62"
"2015-11-12","-421,92"
"2015-11-13","1153,44"
"2015-11-16","-211,32"
"2015-11-18","1467,39"
"2015-11-19","778,05"
"2015-11-20","-513,34"
"2015-11-23","488,45"
"2015-11-25","1788,54"
"2015-11-26","9,75"
"2015-12-01","958,00"
"2015-12-02","454,95"
"2015-12-03","-231,95"
"2015-12-04","410,01"
"2015-12-07","1198,08"
"2015-12-08","512,78"
"2015-12-09","133,83"
"2015-12-10","1242,20"
"2015-12-11","1112,40"
"2015-12-14","1340,71"
"2015-12-15","476,43"
"2015-12-16","673,08"
"2015-12-17","330,16"
"2015-12-18","878,01"
"2015-12-21","902,35"
"2015-12-22","-140,68"
"2015-12-23","476,43"
"2015-12-28","210,78"
"2015-12-29","768,98"
"2015-12-30","-480,03"
"2015-12-31","2,49"
"2016-01-04","16,72"
"2016-01-05","1604,06"
"2016-01-06","30,61"
"2016-01-07","-66,80"
"2016-01-08","2969,34"
"2016-01-11","1481,68"
"2016-01-12","-714,48"
"2016-01-14","1358,16"
"2016-01-15","-2013,17"
"2016-01-18","1395,68"
"2016-01-19","1744,08"
"2016-01-20","-1713,73"
"2016-01-21","-821,41"
"2016-01-22","1005,03"
"2016-01-25","540,04"
"2016-01-26","-1415,48"
"2016-01-27","-197,41"
"2016-01-28","-276,83"
"2016-02-02","551,39"
"2016-02-03","251,05"
"2016-02-04","-231,45"
"2016-02-05","48,06"
"2016-02-08","527,11"
"2016-02-09","1634,59"
"2016-02-10","15,76"
"2016-02-11","-589,92"
"2016-02-12","-614,55"
"2016-02-15","1280,77"
"2016-02-16","-1153,48"
"2016-02-17","-23,64"
"2016-02-18","3264,87"
"2016-02-19","-160,94"
"2016-02-22","1641,32"
"2016-02-23","940,76"
"2016-02-24","-585,78"
"2016-02-25","206,65"
"2016-02-26","178,52"
"2016-02-29","-598,21"
"2016-03-01","570,04"
"2016-03-02","-783,08"
"2016-03-03","972,02"
"2016-03-04","1732,44"
"2016-03-07","-353,95"
"2016-03-09","450,36"
"2016-03-10","582,20"
"2016-03-14","518,23"
"2016-03-15","427,62"
"2016-03-17","-390,28"
"2016-03-18","-132,28"
"2016-03-21","454,38"
"2016-03-22","-195,30"
"2016-03-23","1322,56"
"2016-03-24","-730,87"
"2016-03-28","-254,14"
"2016-03-29","3412,42"
"2016-03-30","468,62"
"2016-03-31","616,78"
"2016-04-01","545,58"
"2016-04-04","492,34"
"2016-04-05","-582,59"
"2016-04-06","-276,83"
"2016-04-07","168,89"
"2016-04-08","651,06"
"2016-04-11","286,34"
"2016-04-12","590,70"
"2016-04-13","773,95"
"2016-04-14","-171,35"
"2016-04-15","450,93"
"2016-04-18","367,24"
"2016-04-19","323,33"
"2016-04-20","324,72"
"2016-04-21","63,53"
"2016-04-25","-27,23"
"2016-04-27","170,03"
"2016-04-28","403,90"
"2016-04-29","-1498,34"
"2016-05-02","215,89"
"2016-05-03","1484,60"
"2016-05-04","-1048,63"
"2016-05-05","753,32"
"2016-05-06","975,40"
"2016-05-09","54,49"
"2016-05-10","191,04"
"2016-05-13","-272,06"
"2016-05-16","-24,96"
"2016-05-17","1749,46"
"2016-05-18","-1619,08"
"2016-05-19","-129,56"
"2016-05-20","-380,31"
"2016-05-23","79,41"
"2016-05-24","-490,65"
"2016-05-25","299,07"
"2016-05-26","1162,87"
"2016-05-27","-609,91"
"2016-05-30","-151,69"
"2016-05-31","-1431,93"
"2016-06-01","-213,14"
"2016-06-02","-175,65"
"2016-06-03","562,94"
"2016-06-06","-46,51"
"2016-06-07","-74,63"
"2016-06-08","112,89"
"2016-06-09","-102,43"
"2016-06-10","107,14"
"2016-06-13","14,91"
"2016-06-14","709,57"
"2016-06-15","0,00"
"2016-06-16","-11,93"
"2016-06-17","232,43"
"2016-06-20","-249,16"
"2016-06-21","-224,73"
"2016-06-22","-495,35"
"2016-06-23","948,48"
"2016-06-24","1479,24"
"2016-06-27","226,19"
"2016-06-28","-868,24"
"2016-06-29","1277,50"
"2016-06-30","1497,95"
"2016-07-01","243,90"
"2016-07-04","798,19"
"2016-07-05","-306,06"
"2016-07-06","358,52"
"2016-07-07","-665,11"
"2016-07-08","232,43"
"2016-07-11","-684,80"
"2016-07-12","-314,88"
"2016-07-13","908,18"
"2016-07-14","108,39"
"2016-07-15","1218,65"
"2016-07-18","-112,14"
"2016-07-19","-77,77"
"2016-07-20","562,09"
"2016-07-22","-617,25"
"2016-07-25","-366,44"
"2016-07-26","-66,87"
"2016-07-27","2509,88"
"2016-07-28","-129,34"
"2016-07-29","2632,85"
"2016-08-01","-492,39"
"2016-08-02","1547,92"
"2016-08-03","160,57"
"2016-08-04","70,84"
"2016-08-08","253,51"
"2016-08-09","-567,29"
"2016-08-10","679,51"
"2016-08-11","40,84"
"2016-08-12","-80,40"
"2016-08-15","-359,42"
"2016-08-16","-689,99"
"2016-08-17","-289,92"
"2016-08-18","-29,04"
"2016-08-19","-994,87"
"2016-08-22","831,67"
"2016-08-23","329,13"
"2016-08-24","-102,43"
"2016-08-25","270,46"
"2016-08-26","-645,41"
"2016-08-29","-526,41"
"2016-08-30","-259,27"
"2016-08-31","79,41"
"2016-09-01","374,98"
"2016-09-02","-484,79"
"2016-09-05","-620,62"
"2016-09-06","3096,68"
"2016-09-09","-465,64"
"2016-09-12","-1241,01"
"2016-09-15","474,46"
"2016-09-16","-81,62"
"2016-09-19","275,45"
"2016-09-20","29,30"
"2016-09-21","-819,77"
"2016-09-22","991,35"
"2016-09-23","-557,40"
"2016-09-26","-390,21"
"2016-09-27","674,26"
"2016-09-28","-517,16"
"2016-09-29","1003,63"
"2016-09-30","412,48"
"2016-10-03","-300,04"
"2016-10-04","-902,20"
"2016-10-05","-222,00"
"2016-10-06","-129,34"
"2016-10-13","-219,38"
"2016-10-14","-317,41"
"2016-10-17","-5,80"
"2016-10-18","74,85"
"2016-10-19","282,03"
"2016-10-20","-899,77"
"2016-10-21","-599,72"
"2016-10-24","-221,33"
"2016-10-25","-710,86"
"2016-10-27","304,90"
"2016-10-28","929,77"
"2016-10-31","437,58"
"2016-11-01","1479,76"
"2016-11-02","834,25"
"2016-11-03","797,70"
"2016-11-04","-119,89"
"2016-11-08","216,48"
"2016-11-09","7312,46"
"2016-11-10","2831,36"
"2016-11-14","253,53"
"2016-11-15","0,38"
"2016-11-16","-223,83"
"2016-11-17","-93,39"
"2016-11-18","206,65"
"2016-11-21","-530,98"
"2016-11-22","493,42"
"2016-11-23","-1602,05"
"2016-11-24","-1424,59"
"2016-11-25","-419,97"
"2016-11-28","-87,76"
"2016-11-29","-281,72"
"2016-11-30","526,82"
"2016-12-01","-76,23"
"2016-12-02","188,78"
"2016-12-05","1689,03"
"2016-12-06","856,68"
"2016-12-07","-27,75"
"2016-12-08","169,18"
"2016-12-09","-1425,13"
"2016-12-12","-510,41"
"2016-12-13","-226,69"
"2016-12-14","621,29"
"2016-12-15","28,35"
"2016-12-16","-515,45"
"2016-12-19","3173,69"
"2016-12-21","-412,97"
"2016-12-23","685,40"
"2016-12-27","497,33"
"2016-12-28","164,05"
"2016-12-29","370,14"
"2016-12-30","262,76"
"2017-01-03","-415,70"
"2017-01-04","-526,59"
"2017-01-05","-252,35"
"2017-01-06","472,84"
"2017-01-09","-195,58"
"2017-01-10","-239,78"
"2017-01-11","-271,94"
"2017-01-12","818,01"
"2017-01-13","-1184,13"
"2017-01-16","-1,66"
"2017-01-17","-99,36"
"2017-01-18","34,36"
"2017-01-20","1071,00"
"2017-01-23","184,08"
"2017-01-24","721,05"
"2017-01-25","-588,90"
"2017-01-26","731,82"
"2017-01-27","207,24"
"2017-01-30","-63,80"
"2017-01-31","-475,64"
"2017-02-01","-753,34"
"2017-02-02","-363,88"
"2017-02-03","924,52"
"2017-02-06","1054,82"
"2017-02-07","403,90"
"2017-02-08","1291,25"
"2017-02-09","961,18"
"2017-02-10","-78,55"
"2017-02-13","-973,02"
"2017-02-14","369,78"
"2017-02-15","-403,96"
"2017-02-16","-978,19"
"2017-02-17","955,33"
"2017-02-20","-66,18"
"2017-02-21","-299,66"
"2017-02-22","318,90"
"2017-02-23","899,15"
"2017-02-27","-1134,30"
"2017-03-01","-430,92"
"2017-03-02","-957,55"
"2017-03-03","-62,28"
"2017-03-06","16,72"
"2017-03-08","296,39"
"2017-03-09","281,47"
"2017-03-13","-299,52"
"2017-03-14","-163,37"
"2017-03-15","313,13"
"2017-03-16","580,92"
"2017-03-20","-408,51"
"2017-03-21","-605,85"
"2017-03-22","474,85"
"2017-03-23","-598,39"
"2017-03-24","350,61"
"2017-03-27","-790,51"
"2017-03-28","-779,29"
"2017-03-29","2226,92"
"2017-03-30","-25,08"
"2017-03-31","-129,56"
"2017-04-03","936,15"
"2017-04-04","-25,08"
"2017-04-05","-220,10"
"2017-04-06","393,99"
"2017-04-07","839,42"
"2017-04-10","-116,91"
"2017-04-11","-651,23"
"2017-04-12","347,07"
"2017-04-13","449,23"
"2017-04-17","-1009,08"
"2017-04-18","-192,52"
"2017-04-20","193,05"
"2017-04-21","140,97"
"2017-04-24","-474,95"
"2017-04-25","-820,74"
"2017-04-26","-490,01"
"2017-04-27","-169,49"
"2017-04-28","-191,16"
"2017-05-01","-754,31"
"2017-05-02","-409,24"
"2017-05-03","-679,23"
"2017-05-04","172,34"
"2017-05-08","-231,45"
"2017-05-09","-574,97"
"2017-05-10","-64,61"
"2017-05-11","-265,48"
"2017-05-12","252,12"
"2017-05-15","-728,45"
"2017-05-16","-419,87"
"2017-05-17","285,60"
"2017-05-18","725,00"
"2017-05-19","-594,86"
"2017-05-22","-201,37"
"2017-05-23","-238,92"
"2017-05-24","-1037,86"
"2017-05-25","-555,76"
"2017-05-26","1285,06"
"2017-05-29","667,27"
"2017-05-30","-101,08"
"2017-05-31","389,02"
"2017-06-01","2352,36"
"2017-06-02","618,83"
"2017-06-06","142,83"
"2017-06-07","-204,62"
"2017-06-08","1810,74"
"2017-06-13","89,07"
"2017-06-14","-10,44"
"2017-06-15","6,80"
"2017-06-16","667,07"
"2017-06-20","18,85"
"2017-06-21","578,15"
"2017-06-22","238,14"
"2017-06-23","-46,16"
"2017-06-26","-614,55"
"2017-06-27","4823,66"
"2017-06-28","-383,93"
"2017-06-30","637,10"
"2017-07-03","103,38"
"2017-07-04","673,41"
"2017-07-05","-542,69"
"2017-07-06","-140,68"
"2017-07-07","-228,68"
"2017-07-10","-106,65"
"2017-07-11","101,91"
"2017-07-12","-43,33"
"2017-07-13","-350,47"
"2017-07-14","-213,71"
"2017-07-17","119,90"
"2017-07-18","386,16"
"2017-07-19","654,53"
"2017-07-20","-869,09"
"2017-07-21","10,55"
"2017-07-24","-617,02"
"2017-07-25","512,06"
"2017-07-28","-473,74"
"2017-07-31","-49,41"
"2017-08-01","3708,99"
"2017-08-02","262,90"
"2017-08-03","37,61"
"2017-08-04","252,40"
"2017-08-07","635,38"
"2017-08-08","-275,83"
"2017-08-09","19,20"
"2017-08-10","-1561,99"
"2017-08-11","582,49"
"2017-08-14","-469,29"
"2017-08-15","-304,26"
"2017-08-16","239,76"
"2017-08-17","235,85"
"2017-08-18","679,37"
"2017-08-21","300,19"
"2017-08-22","-374,67"
"2017-08-24","201,34"
"2017-08-28","367,05"
"2017-08-29","639,02"
"2017-08-31","94,55"
"2017-09-01","-656,44"
"2017-09-05","2302,11"
"2017-09-06","261,85"
"2017-09-07","-214,24"
"2017-09-08","-90,13"
"2017-09-11","-304,87"
"2017-09-12","1171,64"
"2017-09-13","10,43"
"2017-09-15","434,64"
"2017-09-18","-242,47"
"2017-09-19","66,01"
"2017-09-20","56,63"
"2017-09-22","-284,61"
"2017-09-25","1099,11"
"2017-09-26","422,80"
"2017-09-27","-599,04"
"2017-09-29","-513,74"
"2017-10-02","170,88"
"2017-10-03","3,92"
"2017-10-04","-547,65"
"2017-10-05","452,42"
"2017-10-06","-783,04"
"2017-10-09","130,86"
"2017-10-10","-756,74"
"2017-10-11","-781,79"
"2017-10-12","-270,18"
"2017-10-13","682,03"
"2017-10-16","789,88"
"2017-10-17","183,89"
"2017-10-18","122,26"
"2017-10-19","-594,86"
"2017-10-20","388,14"
"2017-10-23","422,45"
"2017-10-25","24,12"
"2017-10-26","1932,47"
"2017-10-27","-659,06"
"2017-10-30","281,52"
"2017-10-31","-173,43"
"2017-11-01","306,06"
"2017-11-02","57,16"
"2017-11-03","-560,33"
"2017-11-06","-4,18"
"2017-11-07","476,43"
"2017-11-14","35,63"
"2017-11-15","-39,83"
"2017-11-16","-1675,14"
"2017-11-17","558,99"
"2017-11-20","172,34"
"2017-11-22","-632,69"
"2017-11-23","127,95"
"2017-11-24","-431,74"
"2017-11-27","745,11"
"2017-11-28","-359,42"
"2017-11-29","1152,28"
"2017-11-30","-2365,84"
"2017-12-01","2168,80"
"2017-12-04","281,66"
"2017-12-05","484,99"
"2017-12-06","106,57"
"2017-12-08","-190,19"
"2017-12-11","93,63"
"2017-12-13","-686,97"
"2017-12-14","246,58"
"2017-12-18","-967,50"
"2017-12-19","2508,03"
"2017-12-21","-560,70"
"2017-12-22","101,91"
"2017-12-26","98,62"
"2017-12-27","142,83"
"2017-12-28","156,43"
"2017-12-29","146,23"
"2018-01-02","-816,15"
"2018-01-03","20,40"
"2018-01-04","-944,37"
"2018-01-05","-1471,95"
"2018-01-08","37,00"
"2018-01-09","232,17"
"2018-01-10","-589,92"
"2018-01-11","-130,89"
"2018-01-12","328,25"
"2018-01-15","-138,67"
"2018-01-16","649,06"
"2018-01-17","408,47"
"2018-01-19","-299,40"
"2018-01-22","-57,06"
"2018-01-23","166,05"
"2018-01-24","1172,68"
"2018-01-25","-36,20"
"2018-01-31","356,33"
"2018-02-02","-1164,65"
"2018-02-05","615,52"
"2018-02-06","1966,85"
"2018-02-07","502,47"
"2018-02-08","-589,92"
"2018-02-09","1968,88"
"2018-02-13","369,86"
"2018-02-14","834,75"
"2018-02-16","512,40"
"2018-02-19","58,51"
"2018-02-20","-369,75"
"2018-02-21","-672,86"
"2018-02-22","-312,51"
"2018-02-23","831,67"
"2018-02-27","-594,86"
"2018-02-28","353,54"
"2018-03-01","1261,23"
"2018-03-02","-1976,12"
"2018-03-05","1147,81"
"2018-03-07","284,19"
"2018-03-12","-129,22"
"2018-03-13","1156,80"
"2018-03-14","613,66"
"2018-03-15","889,25"
"2018-03-19","198,25"
"2018-03-20","774,24"
"2018-03-21","170,05"
"2018-03-22","-9,32"
"2018-03-23","1369,96"
"2018-03-26","2480,68"
"2018-03-27","2761,31"
"2018-03-28","2156,35"
"2018-03-29","430,93"
"2018-04-03","1288,39"
"2018-04-04","6295,88"
"2018-04-05","-766,57"
"2018-04-06","503,50"
"2018-04-09","-458,36"
"2018-04-10","3403,63"
"2018-04-11","1,47"
"2018-04-12","-572,83"
"2018-04-13","-8,12"
"2018-04-16","345,49"
"2018-04-17","518,23"
"2018-04-18","-380,31"
"2018-04-23","-205,12"
"2018-04-24","-119,42"
"2018-04-25","-1048,73"
"2018-04-26","-616,90"
"2018-04-27","16,72"
"2018-04-30","119,08"
"2018-05-01","-28,83"
"2018-05-02","-645,76"
"2018-05-03","1921,05"
"2018-05-04","-594,86"
"2018-05-07","-46,31"
"2018-05-08","180,62"
"2018-05-09","-507,23"
"2018-05-10","-1104,53"
"2018-05-11","-521,71"
"2018-05-14","610,64"
"2018-05-15","-946,17"
"2018-05-16","937,13"
"2018-05-18","1565,76"
"2018-05-21","1279,57"
"2018-05-22","403,90"
"2018-05-23","-192,25"
"2018-05-24","778,74"
"2018-05-28","-254,14"
"2018-05-29","-1002,94"
"2018-05-30","325,91"
"2018-05-31","291,52"
"2018-06-04","-594,86"
"2018-06-05","311,22"
"2018-06-06","1705,74"
"2018-06-07","1181,19"
"2018-06-08","-787,10"
"2018-06-11","246,58"
"2018-06-12","-622,66"
"2018-06-13","-1421,64"
"2018-06-14","2386,57"
"2018-06-19","435,28"
"2018-06-20","-6,80"
"2018-06-22","487,19"
"2018-06-25","-589,92"
"2018-06-26","577,51"
"2018-06-27","-104,23"
"2018-06-28","453,35"
"2018-06-29","764,25"
"2018-07-02","-7,56"
"2018-07-03","586,98"
"2018-07-05","232,43"
"2018-07-06","-220,61"
"2018-07-09","-1103,73"
"2018-07-10","36,40"
"2018-07-11","-82,73"
"2018-07-12","39,50"
"2018-07-13","256,05"
"2018-07-16","241,45"
"2018-07-17","296,93"
"2018-07-19","1148,20"
"2018-07-20","-4,18"
"2018-07-23","-1062,29"
"2018-07-25","94,32"
"2018-07-26","-150,80"
"2018-07-27","568,97"
"2018-07-30","-109,35"
"2018-07-31","-295,29"
"2018-08-01","360,88"
"2018-08-02","-265,48"
"2018-08-03","-473,66"
"2018-08-06","222,94"
"2018-08-07","-665,12"
"2018-08-08","331,53"
"2018-08-09","380,06"
"2018-08-10","-622,46"
"2018-08-13","711,37"
"2018-08-14","491,33"
"2018-08-16","-579,42"
"2018-08-17","168,19"
"2018-08-22","-275,83"
"2018-08-24","-338,52"
"2018-08-27","1380,95"
"2018-08-28","138,62"
"2018-08-29","-476,31"
"2018-08-30","181,47"
"2018-08-31","424,15"
"2018-09-03","-727,50"
"2018-09-04","-578,14"
"2018-09-05","-1245,85"
"2018-09-06","1690,21"
"2018-09-07","582,47"
"2018-09-10","628,21"
"2018-09-11","-74,63"
"2018-09-17","-88,65"
"2018-09-18","238,04"
"2018-09-19","43,91"
"2018-09-21","394,03"
"2018-09-27","835,23"
"2018-09-28","-594,07"
"2018-10-02","-589,92"
"2018-10-03","164,05"
"2018-10-04","-594,07"
"2018-10-05","1449,53"
"2018-10-08","281,66"
"2018-10-09","751,18"
"2018-10-11","2009,51"
"2018-10-12","2212,28"
"2018-10-15","204,78"
"2018-10-16","3171,76"
"2018-10-17","-176,49"
"2018-10-18","4956,37"
"2018-10-19","207,76"
"2018-10-22","3203,43"
"2018-10-23","-2208,99"
"2018-10-24","182,35"
"2018-10-25","336,47"
"2018-10-26","-3228,31"
"2018-10-29","-492,39"
"2018-10-30","512,07"
"2018-10-31","100,30"
"2018-11-01","2260,78"
"2018-11-02","1307,72"
"2018-11-05","-359,42"
"2018-11-06","-615,82"
"2018-11-07","646,17"
"2018-11-08","113,04"
"2018-11-09","-691,45"
"2018-11-12","235,85"
"2018-11-13","889,31"
"2018-11-14","900,47"
"2018-11-15","1820,76"
"2018-11-16","-87,76"
"2018-11-19","1254,81"
"2018-11-20","-3366,27"
"2018-11-21","-323,43"
"2018-11-22","-798,78"
"2018-11-23","1949,05"
"2018-11-27","-364,92"
"2018-11-28","-858,35"
"2018-11-29","-34,90"
"2018-11-30","1423,69"
"2018-12-03","4663,40"
"2018-12-05","-749,54"
"2018-12-06","-1205,99"
"2018-12-11","-1195,81"
"2018-12-12","1395,23"
"2018-12-13","1459,34"
"2018-12-14","-82,73"
"2018-12-17","118,48"
"2018-12-18","-375,94"
"2018-12-19","-1313,26"
"2018-12-20","1332,95"
"2018-12-21","-170,27"
"2018-12-24","934,42"
"2018-12-26","557,70"
"2018-12-27","1117,72"
"2018-12-28","-181,21"
"2018-12-31","52,19"
"2019-01-03","-1082,36"
"2019-01-04","-589,92"
"2019-01-07","-1141,14"
"2019-01-08","35,53"
"2019-01-09","-888,67"
"2019-01-10","-510,52"
"2019-01-11","-174,09"
"2019-01-14","-594,07"
"2019-01-15","469,65"
"2019-01-17","-594,07"
"2019-01-18","-2403,89"
"2019-01-21","-635,90"
"2019-01-22","-602,81"
"2019-01-23","305,84"
"2019-01-24","602,59"
"2019-01-28","-589,92"
"2019-01-29","112,46"
"2019-01-30","53,37"
"2019-01-31","-852,83"
"2019-02-01","430,91"
"2019-02-04","-541,64"
"2019-02-05","1072,83"
"2019-02-06","301,41"
"2019-02-07","-1120,50"
"2019-02-08","225,33"
"2019-02-11","494,66"
"2019-02-12","357,33"
"2019-02-13","-155,91"
"2019-02-14","442,13"
"2019-02-15","-589,92"
"2019-02-18","-598,52"
"2019-02-19","-557,66"
"2019-02-20","186,39"
"2019-02-21","394,17"
"2019-02-22","1024,29"
"2019-02-25","-208,89"
"2019-02-26","-1153,67"
"2019-02-27","-1664,71"
"2019-02-28","-458,36"
"2019-03-04","857,72"
"2019-03-05","-547,48"
"2019-03-06","27,34"
"2019-03-08","-291,32"
"2019-03-11","-1382,47"
"2019-03-12","272,05"
"2019-03-13","143,76"
"2019-03-14","363,87"
"2019-03-15","424,23"
"2019-03-18","1504,30"
"2019-03-19","558,01"
"2019-03-20","317,33"
"2019-03-21","-564,92"
"2019-03-22","942,83"
"2019-03-25","951,48"
"2019-03-26","-984,60"
"2019-03-27","-371,71"
"2019-03-28","-787,01"
"2019-03-29","428,82"
"2019-04-01","-1182,93"
"2019-04-02","745,81"
"2019-04-03","267,58"
"2019-04-04","-86,29"
"2019-04-05","-422,10"
"2019-04-08","-126,30"
"2019-04-09","-1189,97"
"2019-04-10","88,47"
"2019-04-12","2862,71"
"2019-04-15","-878,14"
"2019-04-16","-276,83"
"2019-04-17","1073,28"
"2019-04-18","314,07"
"2019-04-23","907,10"
"2019-04-24","865,14"
"2019-04-25","-157,05"
"2019-04-26","528,61"
"2019-04-29","-614,55"
"2019-04-30","-1099,35"
"2019-05-01","-651,23"
"2019-05-02","872,76"
"2019-05-03","-2373,74"
"2019-05-07","3527,15"
"2019-05-08","779,93"
"2019-05-09","-3220,69"
"2019-05-13","1386,20"
"2019-05-14","633,57"
"2019-05-15","-585,78"
"2019-05-16","426,59"
"2019-05-20","-585,78"
"2019-05-21","34,54"
"2019-05-22","215,02"
"2019-05-24","626,24"
"2019-05-27","569,17"
"2019-05-28","711,50"
"2019-05-29","-2513,66"
"2019-05-30","693,23"
"2019-05-31","-387,13"
"2019-06-03","94,32"
"2019-06-04","-818,05"
"2019-06-05","94,32"
"2019-06-06","1095,54"
"2019-06-07","-1814,61"
"2019-06-10","-441,10"
"2019-06-11","664,50"
"2019-06-12","-344,90"
"2019-06-18","-816,15"
"2019-06-19","295,86"
"2019-06-20","157,78"
"2019-06-21","1071,31"
"2019-06-24","0,38"
"2019-06-25","-585,78"
"2019-06-26","-288,79"
"2019-06-27","1139,12"
"2019-06-28","-109,00"
"2019-07-01","1401,35"
"2019-07-02","-364,02"
"2019-07-04","-23,64"
"2019-07-05","-1814,61"
"2019-07-08","-1489,90"
"2019-07-09","646,12"
"2019-07-10","-160,95"
"2019-07-11","29,50"
"2019-07-12","-238,07"
"2019-07-16","-702,21"
"2019-07-17","276,07"
"2019-07-18","-253,36"
"2019-07-19","-82,73"
"2019-07-22","723,76"
"2019-07-23","366,49"
"2019-07-24","-377,28"
"2019-07-25","52,20"
"2019-07-26","-1202,63"
"2019-07-29","-97,71"
"2019-07-30","-177,69"
"2019-07-31","915,26"
"2019-08-01","-2634,94"
"2019-08-02","176,66"
"2019-08-06","-816,15"
"2019-08-07","1059,86"
"2019-08-08","1639,73"
"2019-08-09","213,76"
"2019-08-12","685,33"
"2019-08-13","-254,14"
"2019-08-14","1572,48"
"2019-08-15","1107,28"
"2019-08-20","980,95"
"2019-08-21","793,75"
"2019-08-22","-866,79"
"2019-08-23","3021,74"
"2019-08-26","-1814,61"
"2019-08-27","271,82"
"2019-08-30","454,76"
"2019-09-02","1071,74"
"2019-09-04","69,48"
"2019-09-06","187,90"
"2019-09-13","263,48"
"2019-09-18","108,92"
"2019-09-24","626,37"
"2019-09-25","1241,89"
"2019-09-26","-63,03"
"2019-09-27","55,15"
"2019-09-30","15,76"
"2019-10-01","-1551,94"
"2019-10-02","-1070,74"
"2019-10-03","627,66"
"2019-10-04","-587,71"
"2019-10-08","937,14"
"2019-10-09","-963,73"
"2019-10-10","-1754,49"
"2019-10-11","-523,27"
"2019-10-16","-166,17"
"2019-10-18","23,20"
"2019-10-23","153,64"
"2019-10-24","-424,32"
"2019-10-25","557,18"
"2019-10-29","-133,54"
"2019-10-30","-598,21"
"2019-11-04","94,37"
"2019-11-05","311,87"
"2019-11-06","238,62"
"2019-11-11","-401,63"
"2019-11-12","-208,76"
"2019-11-14","-651,23"
"2019-11-15","-161,52"
"2019-11-18","-268,95"
"2019-11-19","-358,45"
"2019-11-20","-663,01"
"2019-11-22","471,81"
"2019-11-25","1719,71"
"2019-11-26","619,28"
"2019-11-27","326,38"
"2019-11-28","97,77"
"2019-11-29","-1126,24"
"2019-12-03","-804,86"
"2019-12-04","931,11"
"2019-12-06","-1181,73"
"2019-12-09","-243,29"
"2019-12-10","-200,91"
"2019-12-11","405,01"
"2019-12-12","-1014,56"
"2019-12-13","1367,95"
"2019-12-16","-898,26"
"2019-12-17","-322,86"
"2019-12-18","748,09"
"2019-12-20","-176,83"
"2019-12-23","343,17"
"2019-12-24","81,62"
"2019-12-26","64,61"
"2019-12-27","473,08"
"2019-12-31","187,52"
"2020-01-03","16,72"
"2020-01-06","-1503,29"
"2020-01-07","-112,60"
"2020-01-08","-167,07"
"2020-01-15","-282,00"
"2020-01-16","335,13"
"2020-01-17","-545,43"
"2020-01-20","112,46"
"2020-01-21","-310,26"
"2020-01-22","392,85"
"2020-01-23","614,04"
"2020-01-24","998,84"
"2020-01-27","572,49"
"2020-01-28","604,81"
"2020-01-29","574,18"
"2020-01-30","955,22"
"2020-02-03","-816,15"
"2020-02-04","2393,48"
"2020-02-06","881,45"
"2020-02-07","-475,54"
"2020-02-10","-125,72"
"2020-02-11","-1048,65"
"2020-02-12","-87,76"
"2020-02-13","-991,13"
"2020-02-14","947,87"
"2020-02-17","-128,70"
"2020-02-19","521,99"
"2020-02-20","624,08"
"2020-02-21","-589,92"
"2020-02-25","35,33"
"2020-02-26","1748,88"
"2020-02-27","-1401,93"
"2020-02-28","-3237,26"
"2020-03-02","1097,37"
"2020-03-03","-653,95"
"2020-03-04","6552,17"
"2020-03-06","-2561,24"
"2020-03-09","3285,43"
"2020-03-10","-2219,01"
"2020-03-11","1704,39"
"2020-03-12","-3721,55"
"2020-03-13","1739,09"
"2020-03-16","2691,43"
"2020-03-17","7462,83"
"2020-03-18","-3204,12"
"2020-03-19","1610,24"
"2020-03-20","10385,15"
"2020-03-23","1218,88"
"2020-03-24","-1371,85"
"2020-03-25","-138,05"
"2020-03-26","5242,88"
"2020-03-27","768,98"
"2020-03-30","1947,76"
"2020-03-31","-2627,66"
"2020-04-01","-1576,04"
"2020-04-02","-745,51"
"2020-04-03","-2397,48"
"2020-04-08","1558,33"
"2020-04-09","1299,04"
"2020-04-13","231,99"
"2020-04-15","-733,91"
"2020-04-16","1779,81"
"2020-04-17","1528,45"
"2020-04-20","-610,61"
"2020-04-21","-1849,63"
"2020-04-22","1354,46"
"2020-04-23","-2245,71"
"2020-04-24","-344,71"
"2020-04-27","-98,49"
"2020-04-28","477,18"
"2020-04-29","46,59"
"2020-04-30","4083,84"
"2020-05-01","-553,18"
"2020-05-04","496,93"
"2020-05-05","-1197,76"
"2020-05-06","1178,03"
"2020-05-07","1387,55"
"2020-05-11","-438,82"
"2020-05-13","273,21"
"2020-05-14","-1108,70"
"2020-05-15","-1433,95"
"2020-05-18","362,57"
"2020-05-20","2408,51"
"2020-05-21","-1197,76"
"2020-05-22","-982,89"
"2020-05-25","430,45"
"2020-05-26","1027,40"
"2020-05-27","1396,10"
"2020-05-28","-1197,76"
"2020-05-29","-748,75"
"2020-06-01","2537,13"
"2020-06-03","1122,90"
"2020-06-04","-1197,76"
"2020-06-05","337,24"
"2020-06-08","216,67"
"2020-06-10","-512,83"
"2020-06-11","-1050,11"
"2020-06-12","1727,53"
"2020-06-15","-2599,14"
"2020-06-16","216,67"
"2020-06-17","117,55"
"2020-06-18","-1366,76"
"2020-06-19","583,03"
"2020-06-22","4514,63"
"2020-06-23","-1594,79"
"2020-06-24","1463,34"
"2020-06-26","3897,09"
"2020-06-29","2549,76"
"2020-06-30","1701,24"
"2020-07-01","2442,65"
"2020-07-02","-1114,18"
"2020-07-03","-357,63"
"2020-07-06","-1272,27"
"2020-07-07","136,52"
"2020-07-08","-1182,87"
"2020-07-09","549,81"
"2020-07-10","-188,98"
"2020-07-13","-898,32"
"2020-07-14","-604,84"
"2020-07-15","-2040,12"
"2020-07-16","25,01"
"2020-07-17","391,93"
"2020-07-20","-820,37"
"2020-07-22","522,41"
"2020-07-23","-1490,31"
"2020-07-24","-1819,36"
"2020-07-27","575,94"
"2020-07-28","-205,53"
"2020-07-29","113,95"
"2020-07-30","2687,18"
"2020-08-03","227,11"
"2020-08-04","-633,56"
"2020-08-05","131,01"
"2020-08-06","874,46"
"2020-08-07","-366,84"
"2020-08-10","196,97"
"2020-08-11","2145,46"
"2020-08-12","-202,76"
"2020-08-13","-723,57"
"2020-08-14","20,71"
"2020-08-17","-375,67"
"2020-08-18","-1499,78"
"2020-08-19","-533,17"
"2020-08-20","-182,26"
"2020-08-21","158,78"
"2020-08-24","692,46"
"2020-08-25","1019,81"
"2020-08-26","1147,72"
"2020-08-27","-770,46"
"2020-08-28","-37,43"
"2020-08-31","-306,33"
"2020-09-01","2045,13"
"2020-09-02","-168,37"
"2020-09-03","-201,77"
"2020-09-04","-1065,79"
"2020-09-07","2457,76"
"2020-09-08","1156,22"
"2020-09-09","712,14"
"2020-09-10","-392,24"
"2020-09-11","2492,65"
"2020-09-14","-1099,28"
"2020-09-15","-1197,76"
"2020-09-16","558,50"
"2020-09-17","-2395,67"
"2020-09-18","2299,75"
"2020-09-21","77,70"
"2020-09-22","1064,71"
"2020-09-23","4261,11"
"2020-09-24","-1792,35"
"2020-09-25","2029,61"
"2020-09-28","2827,94"
"2020-09-29","56,69"
"2020-09-30","-3187,74"
"2020-10-01","826,93"
"2020-10-02","-271,65"
"2020-10-05","2072,74"
"2020-10-06","-973,18"
"2020-10-07","3934,49"
"2020-10-08","208,96"
"2020-10-09","166,60"
"2020-10-12","-20,90"
"2020-10-13","1721,43"
"2020-10-14","79,47"
"2020-10-15","-1638,38"
"2020-10-16","-1197,76"
"2020-10-19","1210,80"
"2020-10-20","828,21"
"2020-10-21","736,94"
"2020-10-22","730,70"
"2020-10-23","-376,13"
"2020-10-26","1644,19"
"2020-10-27","558,72"
"2020-10-28","-2412,89"
"2020-10-29","3050,12"
"2020-10-30","-467,69"
"2020-11-02","-2377,69"
"2020-11-03","576,15"
"2020-11-04","706,81"
"2020-11-05","-481,81"
"2020-11-06","-18,50"
"2020-11-09","5494,58"
"2020-11-10","-604,84"
"2020-11-11","-1197,76"
"2020-11-13","1854,14"
"2020-11-16","-610,61"
"2020-11-17","131,37"
"2020-11-18","526,40"
"2020-11-19","-832,04"
"2020-11-20","1574,42"
"2020-11-23","-601,53"
"2020-11-24","295,80"
"2020-11-25","-365,34"
"2020-11-26","869,76"
"2020-11-27","611,06"
"2020-11-30","1111,86"
"2020-12-01","-1522,65"
"2020-12-02","-325,72"
"2020-12-04","1525,92"
"2020-12-08","-224,95"
"2020-12-10","1289,72"
"2020-12-11","-816,15"
"2020-12-14","-1434,73"
"2020-12-15","4439,22"
"2020-12-16","397,03"
"2020-12-17","-1448,95"
"2020-12-18","-225,06"
"2020-12-22","-595,71"
"2020-12-23","-707,73"
"2020-12-24","-178,87"
"2020-12-28","141,91"
"2020-12-29","1694,82"
"2020-12-30","-500,26"
"2020-12-31","-272,29"
"2021-01-04","-1235,55"
"2021-01-05","1370,61"
"2021-01-06","-965,87"
"2021-01-07","251,00"
"2021-01-12","277,35"
"2021-01-13","-365,66"
"2021-01-14","229,86"
"2021-01-15","-1656,04"
"2021-01-18","-761,66"
"2021-01-19","479,49"
"2021-01-20","1796,64"
"2021-01-21","562,43"
"2021-01-22","343,46"
"2021-01-25","3569,58"
"2021-01-26","1544,78"
"2021-01-27","-47,10"
"2021-01-28","3,80"
"2021-01-29","-1964,66"
"2021-02-01","5986,56"
"2021-02-02","318,16"
"2021-02-04","1253,91"
"2021-02-08","-617,60"
"2021-02-09","-318,16"
"2021-02-11","-2773,13"
"2021-02-12","1628,35"
"2021-02-17","-572,57"
"2021-02-18","-816,15"
"2021-02-19","571,31"
"2021-02-22","-3342,18"
"2021-02-23","-300,45"
"2021-02-24","522,96"
"2021-02-25","3144,13"
"2021-02-26","1161,00"
"2021-03-01","6668,54"
"2021-03-02","-283,64"
"2021-03-03","3019,69"
"2021-03-04","-1866,27"
"2021-03-05","-13,14"
"2021-03-08","-2705,64"
"2021-03-09","369,64"
"2021-03-10","-1197,76"
"2021-03-11","-823,59"
"2021-03-12","-851,63"
"2021-03-15","343,42"
"2021-03-16","-125,38"
"2021-03-17","1657,14"
"2021-03-18","-573,17"
"2021-03-19","-1089,88"
"2021-03-22","-635,12"
"2021-03-23","-141,41"
"2021-03-24","478,52"
"2021-03-25","-348,67"
"2021-03-26","-528,38"
"2021-03-29","1460,17"
"2021-03-30","806,39"
"2021-04-02","2983,63"
"2021-04-05","-67,25"
"2021-04-06","1707,36"
"2021-04-09","-337,05"
"2021-04-12","3989,41"
"2021-04-16","605,80"
"2021-04-19","3392,44"
"2021-04-20","353,79"
"2021-04-23","-668,64"
"2021-04-26","446,63"
"2021-04-27","2353,72"
"2021-04-30","643,67"
"2021-05-03","3131,35"
"2021-05-04","773,86"
"2021-05-07","67,29"
"2021-05-10","5989,17"
"2021-05-11","1233,70"
"2021-05-14","507,07"
"2021-05-17","5694,20"
"2021-05-18","2659,29"
"2021-05-21","1035,56"
"2021-05-24","-1132,28"
"2021-05-25","3284,75"
"2021-05-28","984,86"
"2021-06-04","476,11"
"2021-06-07","1187,17"
"2021-06-08","-961,94"
"2021-06-11","1373,01"
"2021-06-14","3576,09"
"2021-06-21","1365,40"
"2021-06-22","1894,22"
"2021-06-28","-303,25"
"2021-06-29","142,23"
"2021-07-02","2589,22"
"2021-07-05","3303,01"
"2021-07-06","2247,02"
"2021-07-12","3592,59"
"2021-07-13","-71,41"
"2021-07-19","-621,59"
"2021-07-20","3896,88"
"2021-07-26","-1311,69"
"2021-07-27","472,75"
"2021-07-30","1704,43"
"2021-08-02","-1962,83"
"2021-08-03","240,64"
"2021-08-06","1998,79"
"2021-08-09","2689,38"
"2021-08-10","1287,40"
"2021-08-13","574,05"
"2021-08-16","321,78"
"2021-08-17","-200,27"
"2021-08-20","1941,76"
"2021-08-23","918,12"
"2021-08-27","2152,50"
"2021-08-30","2127,27"
"2021-08-31","1813,69"
"2021-09-03","2529,70"
"2021-09-07","92,83"
"2021-09-10","-1115,22"
"2021-09-13","-1454,49"
"2021-09-14","289,55"
"2021-09-20","-1817,00"
"2021-09-21","246,31"
"2021-09-24","894,41"
"2021-09-27","-295,67"
"2021-10-01","5497,69"
"2021-10-04","-366,86"
"2021-10-05","2631,50"
"2021-10-08","6994,61"
"2021-10-11","-211,18"
"2021-10-12","2327,82"
"2021-10-15","2147,02"
"2021-10-18","3751,93"
"2021-10-19","93,63"
"2021-10-22","2936,68"
"2021-10-25","2063,03"
"2021-10-26","797,79"
"2021-10-29","1150,99"
"2021-11-01","-1847,34"
"2021-11-02","1774,84"
"2021-11-05","1311,54"
"2021-11-08","986,09"
"2021-11-09","3895,10"
"2021-11-12","2074,03"
"2021-11-15","2456,16"
"2021-11-16","1286,60"
"2021-11-19","352,67"
"2021-11-23","-240,78"
"2021-11-29","4120,83"
"2021-11-30","3958,90"
"2021-12-03","1836,50"
"2021-12-06","3418,24"
"2021-12-13","3297,61"
"2021-12-14","4108,14"
"2021-12-17","134,86"
