EXIT DATE;PL/CNTR;RISK/CNTR;DELTA;CONTRACTS;POS PL;EQUITY
07/01/2013;-154,94;0;58750;1;-154,94;249.845,06
08/01/2013;154,3;0;58750;1;154,3;249.999,36
09/01/2013;-74,63;0;58750;1;-74,63;249.924,73
10/01/2013;589,16;0;58750;1;589,16;250.513,89
11/01/2013;-176,47;0;58750;1;-176,47;250.337,42
14/01/2013;-208,76;0;58750;1;-208,76;250.128,66
15/01/2013;-1.382,77;0;58750;1;-1.382,77;248.745,89
16/01/2013;-957,87;0;58750;1;-957,87;247.788,02
17/01/2013;483,32;0;58750;1;483,32;248.271,34
18/01/2013;-117,6;0;58750;1;-117,6;248.153,74
21/01/2013;-328,01;0;58750;1;-328,01;247.825,73
22/01/2013;-1.115,57;0;58750;1;-1.115,57;246.710,16
23/01/2013;-186,23;0;58750;1;-186,23;246.523,93
24/01/2013;-1.080,49;0;58750;1;-1.080,49;245.443,44
25/01/2013;2.678,68;0;58750;1;2.678,68;248.122,12
28/01/2013;372,83;0;58750;1;372,83;248.494,95
30/01/2013;85,62;0;58750;1;85,62;248.580,57
01/02/2013;-535,76;0;58750;1;-535,76;248.044,81
04/02/2013;1.350,48;0;58750;1;1.350,48;249.395,29
05/02/2013;204,78;0;58750;1;204,78;249.600,07
06/02/2013;-339,37;0;58750;1;-339,37;249.260,70
07/02/2013;741,56;0;58750;1;741,56;250.002,26
08/02/2013;-1.085,81;0;58750;1;-1.085,81;248.916,45
11/02/2013;-93,62;0;58750;1;-93,62;248.822,83
12/02/2013;-213,14;0;58750;1;-213,14;248.609,69
13/02/2013;350,09;0;58750;1;350,09;248.959,78
14/02/2013;-254,08;0;58750;1;-254,08;248.705,70
15/02/2013;-526,55;0;58750;1;-526,55;248.179,15
18/02/2013;-108,66;0;58750;1;-108,66;248.070,49
19/02/2013;-811,6;0;58750;1;-811,6;247.258,89
20/02/2013;257,92;0;58750;1;257,92;247.516,81
21/02/2013;-79,74;0;58750;1;-79,74;247.437,07
22/02/2013;-85,24;0;58750;1;-85,24;247.351,83
25/02/2013;468,79;0;58750;1;468,79;247.820,62
26/02/2013;510,55;0;58750;1;510,55;248.331,17
28/02/2013;318,95;0;58750;1;318,95;248.650,12
01/03/2013;60,48;0;58750;1;60,48;248.710,60
06/03/2013;309,54;0;58750;1;309,54;249.020,14
07/03/2013;186,31;0;58750;1;186,31;249.206,45
08/03/2013;724,41;0;58750;1;724,41;249.930,86
11/03/2013;68,73;0;58750;1;68,73;249.999,59
12/03/2013;-217,18;0;58750;1;-217,18;249.782,41
14/03/2013;32,51;0;58750;1;32,51;249.814,92
15/03/2013;94,55;0;58750;1;94,55;249.909,47
18/03/2013;-579,42;0;58750;1;-579,42;249.330,05
19/03/2013;1.916,39;0;58750;1;1.916,39;251.246,44
20/03/2013;122,26;0;58750;1;122,26;251.368,70
21/03/2013;69,17;0;58750;1;69,17;251.437,87
25/03/2013;2.805,33;0;58750;1;2.805,33;254.243,20
26/03/2013;94,55;0;58750;1;94,55;254.337,75
03/04/2013;350,61;0;58750;1;350,61;254.688,36
04/04/2013;1.064,95;0;58750;1;1.064,95;255.753,31
05/04/2013;-989,41;0;58750;1;-989,41;254.763,90
08/04/2013;984,82;0;58750;1;984,82;255.748,72
10/04/2013;-476,23;0;58750;1;-476,23;255.272,49
11/04/2013;-67,45;0;58750;1;-67,45;255.205,04
12/04/2013;-427,83;0;58750;1;-427,83;254.777,21
15/04/2013;3.194,88;0;58750;1;3.194,88;257.972,09
16/04/2013;-767,74;0;58750;1;-767,74;257.204,35
17/04/2013;1.834,69;0;58750;1;1.834,69;259.039,04
18/04/2013;700;0;58750;1;700;259.739,04
19/04/2013;-778,66;0;58750;1;-778,66;258.960,38
22/04/2013;397,43;0;58750;1;397,43;259.357,81
24/04/2013;-763,98;0;58750;1;-763,98;258.593,83
26/04/2013;54,57;0;58750;1;54,57;258.648,40
29/04/2013;-435,46;0;58750;1;-435,46;258.212,94
30/04/2013;-734,18;0;58750;1;-734,18;257.478,76
01/05/2013;1.561,14;0;58750;1;1.561,14;259.039,90
02/05/2013;39,73;0;58750;1;39,73;259.079,63
03/05/2013;447,66;0;58750;1;447,66;259.527,29
06/05/2013;-339,73;0;58750;1;-339,73;259.187,56
07/05/2013;862,26;0;58750;1;862,26;260.049,82
08/05/2013;-82,83;0;58750;1;-82,83;259.966,99
09/05/2013;-516,03;0;58750;1;-516,03;259.450,96
10/05/2013;226,14;0;58750;1;226,14;259.677,10
14/05/2013;-309,03;0;58750;1;-309,03;259.368,07
15/05/2013;247,48;0;58750;1;247,48;259.615,55
16/05/2013;273,97;0;58750;1;273,97;259.889,52
17/05/2013;-374,44;0;58750;1;-374,44;259.515,08
20/05/2013;-377,74;0;58750;1;-377,74;259.137,34
21/05/2013;56,63;0;58750;1;56,63;259.193,97
22/05/2013;782,61;0;58750;1;782,61;259.976,58
23/05/2013;-535,76;0;58750;1;-535,76;259.440,82
24/05/2013;-372,53;0;58750;1;-372,53;259.068,29
27/05/2013;45,33;0;58750;1;45,33;259.113,62
28/05/2013;-84,01;0;58750;1;-84,01;259.029,61
29/05/2013;-296,52;0;58750;1;-296,52;258.733,09
30/05/2013;154,3;0;58750;1;154,3;258.887,39
04/06/2013;-174,72;0;58750;1;-174,72;258.712,67
06/06/2013;234,64;0;58750;1;234,64;258.947,31
07/06/2013;98,59;0;58750;1;98,59;259.045,90
10/06/2013;1.620,76;0;58750;1;1.620,76;260.666,66
11/06/2013;-457,36;0;58750;1;-457,36;260.209,30
12/06/2013;1.087,86;0;58750;1;1.087,86;261.297,16
13/06/2013;1.497,77;0;58750;1;1.497,77;262.794,93
14/06/2013;461,85;0;58750;1;461,85;263.256,78
17/06/2013;-595,24;0;58750;1;-595,24;262.661,54
18/06/2013;162,99;0;58750;1;162,99;262.824,53
19/06/2013;-369,49;0;58750;1;-369,49;262.455,04
20/06/2013;94,32;0;58750;1;94,32;262.549,36
21/06/2013;1.735,48;0;58750;1;1.735,48;264.284,84
24/06/2013;48,06;0;58750;1;48,06;264.332,90
25/06/2013;-535,78;0;58750;1;-535,78;263.797,12
28/06/2013;603,2;0;58750;1;603,2;264.400,32
01/07/2013;173,48;0;58750;1;173,48;264.573,80
02/07/2013;-710,14;0;58750;1;-710,14;263.863,66
04/07/2013;1.149,91;0;58750;1;1.149,91;265.013,57
05/07/2013;-1.145,93;0;58750;1;-1.145,93;263.867,64
08/07/2013;-875,48;0;58750;1;-875,48;262.992,16
09/07/2013;1.076,60;0;58750;1;1.076,60;264.068,76
11/07/2013;-121,12;0;58750;1;-121,12;263.947,64
12/07/2013;1.046,09;0;58750;1;1.046,09;264.993,73
15/07/2013;-327,38;0;58750;1;-327,38;264.666,35
16/07/2013;268,18;0;58750;1;268,18;264.934,53
17/07/2013;343,4;0;58750;1;343,4;265.277,93
18/07/2013;-123,35;0;58750;1;-123,35;265.154,58
22/07/2013;-301,44;0;58750;1;-301,44;264.853,14
23/07/2013;216,02;0;58750;1;216,02;265.069,16
24/07/2013;1.816,50;0;58750;1;1.816,50;266.885,66
25/07/2013;-49,92;0;58750;1;-49,92;266.835,74
29/07/2013;335,83;0;58750;1;335,83;267.171,57
30/07/2013;-83,96;0;58750;1;-83,96;267.087,61
31/07/2013;-288,17;0;58750;1;-288,17;266.799,44
01/08/2013;240,88;0;58750;1;240,88;267.040,32
05/08/2013;1.220,48;0;58750;1;1.220,48;268.260,80
06/08/2013;301,79;0;58750;1;301,79;268.562,59
07/08/2013;-234,04;0;58750;1;-234,04;268.328,55
09/08/2013;-43,33;0;58750;1;-43,33;268.285,22
12/08/2013;-980,49;0;58750;1;-980,49;267.304,73
16/08/2013;-79,08;0;58750;1;-79,08;267.225,65
19/08/2013;77,02;0;58750;1;77,02;267.302,67
20/08/2013;93,89;0;58750;1;93,89;267.396,56
21/08/2013;108,6;0;58750;1;108,6;267.505,16
22/08/2013;-536,52;0;58750;1;-536,52;266.968,64
27/08/2013;60,29;0;58750;1;60,29;267.028,93
28/08/2013;1.086,66;0;58750;1;1.086,66;268.115,59
29/08/2013;298,65;0;58750;1;298,65;268.414,24
30/08/2013;-252,87;0;58750;1;-252,87;268.161,37
03/09/2013;-456,53;0;58750;1;-456,53;267.704,84
04/09/2013;471,97;0;58750;1;471,97;268.176,81
06/09/2013;48,06;0;58750;1;48,06;268.224,87
10/09/2013;-8,36;0;58750;1;-8,36;268.216,51
11/09/2013;318,9;0;58750;1;318,9;268.535,41
12/09/2013;-186,3;0;58750;1;-186,3;268.349,11
13/09/2013;74,85;0;58750;1;74,85;268.423,96
16/09/2013;-100,42;0;58750;1;-100,42;268.323,54
17/09/2013;1.061,75;0;58750;1;1.061,75;269.385,29
18/09/2013;1.197,45;0;58750;1;1.197,45;270.582,74
19/09/2013;300,75;0;58750;1;300,75;270.883,49
20/09/2013;-309,96;0;58750;1;-309,96;270.573,53
23/09/2013;-726,98;0;58750;1;-726,98;269.846,55
24/09/2013;755,19;0;58750;1;755,19;270.601,74
26/09/2013;-780,18;0;58750;1;-780,18;269.821,56
27/09/2013;998,84;0;58750;1;998,84;270.820,40
30/09/2013;-416,47;0;58750;1;-416,47;270.403,93
01/10/2013;84,88;0;58750;1;84,88;270.488,81
02/10/2013;-865,38;0;58750;1;-865,38;269.623,43
03/10/2013;1.663,81;0;58750;1;1.663,81;271.287,24
04/10/2013;-112,14;0;58750;1;-112,14;271.175,10
07/10/2013;-145,96;0;58750;1;-145,96;271.029,14
08/10/2013;550,18;0;58750;1;550,18;271.579,32
09/10/2013;15;0;58750;1;15;271.594,32
10/10/2013;-683,53;0;58750;1;-683,53;270.910,79
11/10/2013;-158,08;0;58750;1;-158,08;270.752,71
14/10/2013;30,72;0;58750;1;30,72;270.783,43
15/10/2013;-1,61;0;58750;1;-1,61;270.781,82
16/10/2013;31,2;0;58750;1;31,2;270.813,02
17/10/2013;-147,35;0;58750;1;-147,35;270.665,67
18/10/2013;-256,16;0;58750;1;-256,16;270.409,51
21/10/2013;-18,51;0;58750;1;-18,51;270.391,00
22/10/2013;930,36;0;58750;1;930,36;271.321,36
23/10/2013;-288,17;0;58750;1;-288,17;271.033,19
25/10/2013;112,22;0;58750;1;112,22;271.145,41
28/10/2013;-74,71;0;58750;1;-74,71;271.070,70
29/10/2013;-609,91;0;58750;1;-609,91;270.460,79
30/10/2013;1.100,60;0;58750;1;1.100,60;271.561,39
05/11/2013;-117,99;0;58750;1;-117,99;271.443,40
06/11/2013;-299,01;0;58750;1;-299,01;271.144,39
07/11/2013;742,99;0;58750;1;742,99;271.887,38
08/11/2013;691,17;0;58750;1;691,17;272.578,55
11/11/2013;-338,52;0;58750;1;-338,52;272.240,03
12/11/2013;-32,05;0;58750;1;-32,05;272.207,98
13/11/2013;1.144,73;0;58750;1;1.144,73;273.352,71
15/11/2013;17,71;0;58750;1;17,71;273.370,42
18/11/2013;1.136,81;0;58750;1;1.136,81;274.507,23
20/11/2013;-419,14;0;58750;1;-419,14;274.088,09
21/11/2013;205,48;0;58750;1;205,48;274.293,57
22/11/2013;-651,96;0;58750;1;-651,96;273.641,61
25/11/2013;215,52;0;58750;1;215,52;273.857,13
26/11/2013;1.151,19;0;58750;1;1.151,19;275.008,32
27/11/2013;-681,99;0;58750;1;-681,99;274.326,33
28/11/2013;353,59;0;58750;1;353,59;274.679,92
29/11/2013;-197,82;0;58750;1;-197,82;274.482,10
02/12/2013;820,48;0;58750;1;820,48;275.302,58
03/12/2013;-443;0;58750;1;-443;274.859,58
04/12/2013;1.630,87;0;58750;1;1.630,87;276.490,45
05/12/2013;591,18;0;58750;1;591,18;277.081,63
06/12/2013;-280,91;0;58750;1;-280,91;276.800,72
12/12/2013;262,76;0;58750;1;262,76;277.063,48
13/12/2013;463,19;0;58750;1;463,19;277.526,67
16/12/2013;-516,94;0;58750;1;-516,94;277.009,73
17/12/2013;-673,17;0;58750;1;-673,17;276.336,56
18/12/2013;-897,43;0;58750;1;-897,43;275.439,13
19/12/2013;-17,97;0;58750;1;-17,97;275.421,16
20/12/2013;-841,2;0;58750;1;-841,2;274.579,96
23/12/2013;-265,86;0;58750;1;-265,86;274.314,10
24/12/2013;-86,78;0;58750;1;-86,78;274.227,32
26/12/2013;-113,88;0;58750;1;-113,88;274.113,44
27/12/2013;315,87;0;58750;1;315,87;274.429,31
30/12/2013;19,06;0;58750;1;19,06;274.448,37
31/12/2013;-168,39;0;58750;1;-168,39;274.279,98
02/01/2014;-38,94;0;58750;1;-38,94;274.241,04
06/01/2014;35,46;0;58750;1;35,46;274.276,50
07/01/2014;-282,05;0;58750;1;-282,05;273.994,45
08/01/2014;-818,79;0;58750;1;-818,79;273.175,66
09/01/2014;-852,87;0;58750;1;-852,87;272.322,79
10/01/2014;1.775,08;0;58750;1;1.775,08;274.097,87
13/01/2014;810,77;0;58750;1;810,77;274.908,64
14/01/2014;-1.345,67;0;58750;1;-1.345,67;273.562,97
15/01/2014;-317,62;0;58750;1;-317,62;273.245,35
16/01/2014;759,22;0;58750;1;759,22;274.004,57
17/01/2014;14,91;0;58750;1;14,91;274.019,48
20/01/2014;56,34;0;58750;1;56,34;274.075,82
23/01/2014;1.000,62;0;58750;1;1.000,62;275.076,44
24/01/2014;-1.159,58;0;58750;1;-1.159,58;273.916,86
27/01/2014;684,62;0;58750;1;684,62;274.601,48
28/01/2014;369,98;0;58750;1;369,98;274.971,46
29/01/2014;146,23;0;58750;1;146,23;275.117,69
30/01/2014;-205,9;0;58750;1;-205,9;274.911,79
31/01/2014;711,92;0;58750;1;711,92;275.623,71
04/02/2014;-825,22;0;58750;1;-825,22;274.798,49
05/02/2014;547,28;0;58750;1;547,28;275.345,77
06/02/2014;-1.240,77;0;58750;1;-1.240,77;274.105,00
07/02/2014;118,48;0;58750;1;118,48;274.223,48
12/02/2014;124,67;0;58750;1;124,67;274.348,15
13/02/2014;711,51;0;58750;1;711,51;275.059,66
14/02/2014;-483,49;0;58750;1;-483,49;274.576,17
17/02/2014;118,15;0;58750;1;118,15;274.694,32
18/02/2014;-451,59;0;58750;1;-451,59;274.242,73
19/02/2014;-436,82;0;58750;1;-436,82;273.805,91
21/02/2014;437,55;0;58750;1;437,55;274.243,46
24/02/2014;-399,31;0;58750;1;-399,31;273.844,15
25/02/2014;113,06;0;58750;1;113,06;273.957,21
26/02/2014;35,39;0;58750;1;35,39;273.992,60
05/03/2014;157,02;0;58750;1;157,02;274.149,62
06/03/2014;-354,76;0;58750;1;-354,76;273.794,86
07/03/2014;-347,01;0;58750;1;-347,01;273.447,85
10/03/2014;-666,69;0;58750;1;-666,69;272.781,16
11/03/2014;-388,28;0;58750;1;-388,28;272.392,88
12/03/2014;106,91;0;58750;1;106,91;272.499,79
13/03/2014;191,94;0;58750;1;191,94;272.691,73
14/03/2014;36,99;0;58750;1;36,99;272.728,72
17/03/2014;-2.772,55;0;58750;1;-2.772,55;269.956,17
18/03/2014;534,51;0;58750;1;534,51;270.490,68
19/03/2014;434,64;0;58750;1;434,64;270.925,32
20/03/2014;344,31;0;58750;1;344,31;271.269,63
24/03/2014;239,24;0;58750;1;239,24;271.508,87
25/03/2014;-184,44;0;58750;1;-184,44;271.324,43
26/03/2014;-206,75;0;58750;1;-206,75;271.117,68
27/03/2014;317,89;0;58750;1;317,89;271.435,57
28/03/2014;-597,75;0;58750;1;-597,75;270.837,82
31/03/2014;-916,08;0;58750;1;-916,08;269.921,74
01/04/2014;-648,22;0;58750;1;-648,22;269.273,52
02/04/2014;770,27;0;58750;1;770,27;270.043,79
03/04/2014;403,9;0;58750;1;403,9;270.447,69
04/04/2014;789,88;0;58750;1;789,88;271.237,57
07/04/2014;-540,78;0;58750;1;-540,78;270.696,79
08/04/2014;-87,64;0;58750;1;-87,64;270.609,15
09/04/2014;-457,03;0;58750;1;-457,03;270.152,12
10/04/2014;2.636,51;0;58750;1;2.636,51;272.788,63
11/04/2014;691,37;0;58750;1;691,37;273.480,00
14/04/2014;-1.240,48;0;58750;1;-1.240,48;272.239,52
15/04/2014;1.609,78;0;58750;1;1.609,78;273.849,30
17/04/2014;222,05;0;58750;1;222,05;274.071,35
22/04/2014;-213,14;0;58750;1;-213,14;273.858,21
23/04/2014;101,05;0;58750;1;101,05;273.959,26
24/04/2014;-376,19;0;58750;1;-376,19;273.583,07
25/04/2014;413,75;0;58750;1;413,75;273.996,82
28/04/2014;-733,81;0;58750;1;-733,81;273.263,01
29/04/2014;-476,46;0;58750;1;-476,46;272.786,55
30/04/2014;214,38;0;58750;1;214,38;273.000,93
01/05/2014;-651,23;0;58750;1;-651,23;272.349,70
02/05/2014;225,68;0;58750;1;225,68;272.575,38
05/05/2014;-628,54;0;58750;1;-628,54;271.946,84
06/05/2014;837,07;0;58750;1;837,07;272.783,91
07/05/2014;56,39;0;58750;1;56,39;272.840,30
08/05/2014;-710,35;0;58750;1;-710,35;272.129,95
09/05/2014;190,14;0;58750;1;190,14;272.320,09
12/05/2014;1.185,84;0;58750;1;1.185,84;273.505,93
13/05/2014;2.246,62;0;58750;1;2.246,62;275.752,55
14/05/2014;1.140,97;0;58750;1;1.140,97;276.893,52
16/05/2014;225,33;0;58750;1;225,33;277.118,85
20/05/2014;159,91;0;58750;1;159,91;277.278,76
21/05/2014;-119,39;0;58750;1;-119,39;277.159,37
22/05/2014;-243,63;0;58750;1;-243,63;276.915,74
23/05/2014;-621,85;0;58750;1;-621,85;276.293,89
26/05/2014;-659,83;0;58750;1;-659,83;275.634,06
27/05/2014;497,23;0;58750;1;497,23;276.131,29
28/05/2014;486,12;0;58750;1;486,12;276.617,41
29/05/2014;-5,64;0;58750;1;-5,64;276.611,77
30/05/2014;-65,26;0;58750;1;-65,26;276.546,51
02/06/2014;302,96;0;58750;1;302,96;276.849,47
03/06/2014;458,62;0;58750;1;458,62;277.308,09
04/06/2014;-760,4;0;58750;1;-760,4;276.547,69
05/06/2014;2.463,24;0;58750;1;2.463,24;279.010,93
06/06/2014;-560,7;0;58750;1;-560,7;278.450,23
09/06/2014;115,69;0;58750;1;115,69;278.565,92
10/06/2014;601,81;0;58750;1;601,81;279.167,73
11/06/2014;-885,43;0;58750;1;-885,43;278.282,30
13/06/2014;-1.409,56;0;58750;1;-1.409,56;276.872,74
16/06/2014;-833,53;0;58750;1;-833,53;276.039,21
17/06/2014;326,91;0;58750;1;326,91;276.366,12
19/06/2014;466,09;0;58750;1;466,09;276.832,21
20/06/2014;-102,76;0;58750;1;-102,76;276.729,45
23/06/2014;326,72;0;58750;1;326,72;277.056,17
24/06/2014;-417,59;0;58750;1;-417,59;276.638,58
25/06/2014;1.010,26;0;58750;1;1.010,26;277.648,84
26/06/2014;-83,96;0;58750;1;-83,96;277.564,88
02/07/2014;123,29;0;58750;1;123,29;277.688,17
03/07/2014;190,33;0;58750;1;190,33;277.878,50
04/07/2014;-45,48;0;58750;1;-45,48;277.833,02
07/07/2014;1.462,82;0;58750;1;1.462,82;279.295,84
08/07/2014;1.390,56;0;58750;1;1.390,56;280.686,40
09/07/2014;300,14;0;58750;1;300,14;280.986,54
10/07/2014;854,56;0;58750;1;854,56;281.841,10
11/07/2014;159,91;0;58750;1;159,91;282.001,01
14/07/2014;-95,3;0;58750;1;-95,3;281.905,71
15/07/2014;-340,99;0;58750;1;-340,99;281.564,72
17/07/2014;-96,94;0;58750;1;-96,94;281.467,78
22/07/2014;176,99;0;58750;1;176,99;281.644,77
23/07/2014;350,61;0;58750;1;350,61;281.995,38
24/07/2014;290,45;0;58750;1;290,45;282.285,83
25/07/2014;519,98;0;58750;1;519,98;282.805,81
28/07/2014;-97,69;0;58750;1;-97,69;282.708,12
29/07/2014;-299,52;0;58750;1;-299,52;282.408,60
30/07/2014;-531,56;0;58750;1;-531,56;281.877,04
31/07/2014;118,59;0;58750;1;118,59;281.995,63
01/08/2014;-149,27;0;58750;1;-149,27;281.846,36
04/08/2014;700,08;0;58750;1;700,08;282.546,44
05/08/2014;-906,8;0;58750;1;-906,8;281.639,64
06/08/2014;2.287,13;0;58750;1;2.287,13;283.926,77
07/08/2014;-75,3;0;58750;1;-75,3;283.851,47
08/08/2014;1.446,26;0;58750;1;1.446,26;285.297,73
11/08/2014;-220,61;0;58750;1;-220,61;285.077,12
12/08/2014;-269,26;0;58750;1;-269,26;284.807,86
13/08/2014;1.978,56;0;58750;1;1.978,56;286.786,42
15/08/2014;904,34;0;58750;1;904,34;287.690,76
18/08/2014;-309,46;0;58750;1;-309,46;287.381,30
19/08/2014;-355,43;0;58750;1;-355,43;287.025,87
20/08/2014;298,66;0;58750;1;298,66;287.324,53
21/08/2014;156,06;0;58750;1;156,06;287.480,59
22/08/2014;150,39;0;58750;1;150,39;287.630,98
25/08/2014;-130,89;0;58750;1;-130,89;287.500,09
26/08/2014;-102,76;0;58750;1;-102,76;287.397,33
03/09/2014;-1.207,42;0;58750;1;-1.207,42;286.189,91
04/09/2014;51,49;0;58750;1;51,49;286.241,40
05/09/2014;31,48;0;58750;1;31,48;286.272,88
08/09/2014;516,13;0;58750;1;516,13;286.789,01
09/09/2014;-85,76;0;58750;1;-85,76;286.703,25
10/09/2014;-610,17;0;58750;1;-610,17;286.093,08
11/09/2014;-537,77;0;58750;1;-537,77;285.555,31
12/09/2014;371,95;0;58750;1;371,95;285.927,26
15/09/2014;375,72;0;58750;1;375,72;286.302,98
16/09/2014;504,96;0;58750;1;504,96;286.807,94
17/09/2014;-163,37;0;58750;1;-163,37;286.644,57
18/09/2014;-242,79;0;58750;1;-242,79;286.401,78
22/09/2014;-413,54;0;58750;1;-413,54;285.988,24
23/09/2014;262,76;0;58750;1;262,76;286.251,00
24/09/2014;-1.152,76;0;58750;1;-1.152,76;285.098,24
25/09/2014;2.379,15;0;58750;1;2.379,15;287.477,39
26/09/2014;151,32;0;58750;1;151,32;287.628,71
29/09/2014;109,7;0;58750;1;109,7;287.738,41
30/09/2014;212,88;0;58750;1;212,88;287.951,29
01/10/2014;1.186,91;0;58750;1;1.186,91;289.138,20
02/10/2014;900,44;0;58750;1;900,44;290.038,64
06/10/2014;-254,15;0;58750;1;-254,15;289.784,49
07/10/2014;-270,81;0;58750;1;-270,81;289.513,68
08/10/2014;440,14;0;58750;1;440,14;289.953,82
09/10/2014;-998,46;0;58750;1;-998,46;288.955,36
10/10/2014;1.504,87;0;58750;1;1.504,87;290.460,23
13/10/2014;601,23;0;58750;1;601,23;291.061,46
14/10/2014;-712,94;0;58750;1;-712,94;290.348,52
15/10/2014;-756,23;0;58750;1;-756,23;289.592,29
16/10/2014;824,21;0;58750;1;824,21;290.416,50
20/10/2014;-1.228,32;0;58750;1;-1.228,32;289.188,18
21/10/2014;-150,45;0;58750;1;-150,45;289.037,73
22/10/2014;-114,18;0;58750;1;-114,18;288.923,55
23/10/2014;19,06;0;58750;1;19,06;288.942,61
24/10/2014;-323,79;0;58750;1;-323,79;288.618,82
27/10/2014;-221,91;0;58750;1;-221,91;288.396,91
28/10/2014;-637,8;0;58750;1;-637,8;287.759,11
29/10/2014;246,26;0;58750;1;246,26;288.005,37
30/10/2014;1.003,12;0;58750;1;1.003,12;289.008,49
31/10/2014;479,37;0;58750;1;479,37;289.487,86
03/11/2014;-159,66;0;58750;1;-159,66;289.328,20
04/11/2014;-167,49;0;58750;1;-167,49;289.160,71
05/11/2014;-578,22;0;58750;1;-578,22;288.582,49
06/11/2014;-284,21;0;58750;1;-284,21;288.298,28
07/11/2014;-1.102,57;0;58750;1;-1.102,57;287.195,71
10/11/2014;-119,7;0;58750;1;-119,7;287.076,01
11/11/2014;386,67;0;58750;1;386,67;287.462,68
13/11/2014;267,47;0;58750;1;267,47;287.730,15
18/11/2014;-220,1;0;58750;1;-220,1;287.510,05
19/11/2014;601,81;0;58750;1;601,81;288.111,86
20/11/2014;634,6;0;58750;1;634,6;288.746,46
21/11/2014;162,99;0;58750;1;162,99;288.909,45
24/11/2014;-293,8;0;58750;1;-293,8;288.615,65
25/11/2014;460,07;0;58750;1;460,07;289.075,72
26/11/2014;356,33;0;58750;1;356,33;289.432,05
27/11/2014;169,68;0;58750;1;169,68;289.601,73
28/11/2014;125,82;0;58750;1;125,82;289.727,55
01/12/2014;31,48;0;58750;1;31,48;289.759,03
02/12/2014;-937,92;0;58750;1;-937,92;288.821,11
03/12/2014;452,92;0;58750;1;452,92;289.274,03
04/12/2014;-435,67;0;58750;1;-435,67;288.838,36
08/12/2014;1.646,62;0;58750;1;1.646,62;290.484,98
09/12/2014;-980,79;0;58750;1;-980,79;289.504,19
10/12/2014;968,79;0;58750;1;968,79;290.472,98
11/12/2014;-1.206,48;0;58750;1;-1.206,48;289.266,50
12/12/2014;-887,25;0;58750;1;-887,25;288.379,25
15/12/2014;1.424,32;0;58750;1;1.424,32;289.803,57
16/12/2014;262,77;0;58750;1;262,77;290.066,34
17/12/2014;2.019,35;0;58750;1;2.019,35;292.085,69
19/12/2014;1.185,63;0;58750;1;1.185,63;293.271,32
22/12/2014;240,1;0;58750;1;240,1;293.511,42
23/12/2014;-491,73;0;58750;1;-491,73;293.019,69
24/12/2014;19,06;0;58750;1;19,06;293.038,75
29/12/2014;941,9;0;58750;1;941,9;293.980,65
31/12/2014;1.027,90;0;58750;1;1.027,90;295.008,55
02/01/2015;1.778,51;0;58750;1;1.778,51;296.787,06
05/01/2015;305,7;0;58750;1;305,7;297.092,76
06/01/2015;1.360,84;0;58750;1;1.360,84;298.453,60
07/01/2015;-959,78;0;58750;1;-959,78;297.493,82
08/01/2015;133,94;0;58750;1;133,94;297.627,76
09/01/2015;-1.164,43;0;58750;1;-1.164,43;296.463,33
12/01/2015;801,35;0;58750;1;801,35;297.264,68
14/01/2015;-585,78;0;58750;1;-585,78;296.678,90
15/01/2015;1.390,95;0;58750;1;1.390,95;298.069,85
16/01/2015;253,82;0;58750;1;253,82;298.323,67
19/01/2015;-167,31;0;58750;1;-167,31;298.156,36
20/01/2015;-415,15;0;58750;1;-415,15;297.741,21
21/01/2015;1.022,91;0;58750;1;1.022,91;298.764,12
22/01/2015;1.658,78;0;58750;1;1.658,78;300.422,90
23/01/2015;506,05;0;58750;1;506,05;300.928,95
26/01/2015;159,91;0;58750;1;159,91;301.088,86
27/01/2015;74,85;0;58750;1;74,85;301.163,71
28/01/2015;1.384,70;0;58750;1;1.384,70;302.548,41
29/01/2015;713,49;0;58750;1;713,49;303.261,90
02/02/2015;164,05;0;58750;1;164,05;303.425,95
04/02/2015;-1.079,65;0;58750;1;-1.079,65;302.346,30
05/02/2015;251,05;0;58750;1;251,05;302.597,35
06/02/2015;-1.196,82;0;58750;1;-1.196,82;301.400,53
09/02/2015;-467,69;0;58750;1;-467,69;300.932,84
10/02/2015;-692,56;0;58750;1;-692,56;300.240,28
11/02/2015;-333,57;0;58750;1;-333,57;299.906,71
12/02/2015;1.367,26;0;58750;1;1.367,26;301.273,97
13/02/2015;-427,87;0;58750;1;-427,87;300.846,10
16/02/2015;909,38;0;58750;1;909,38;301.755,48
17/02/2015;284,07;0;58750;1;284,07;302.039,55
18/02/2015;-534,41;0;58750;1;-534,41;301.505,14
19/02/2015;-526,59;0;58750;1;-526,59;300.978,55
20/02/2015;686,21;0;58750;1;686,21;301.664,76
23/02/2015;-28,34;0;58750;1;-28,34;301.636,42
24/02/2015;-856,57;0;58750;1;-856,57;300.779,85
25/02/2015;371;0;58750;1;371;301.150,85
26/02/2015;97,77;0;58750;1;97,77;301.248,62
27/02/2015;-594,86;0;58750;1;-594,86;300.653,76
02/03/2015;-1.563,07;0;58750;1;-1.563,07;299.090,69
03/03/2015;-395,98;0;58750;1;-395,98;298.694,71
04/03/2015;-589,27;0;58750;1;-589,27;298.105,44
05/03/2015;-476,9;0;58750;1;-476,9;297.628,54
06/03/2015;-935;0;58750;1;-935;296.693,54
09/03/2015;-186,03;0;58750;1;-186,03;296.507,51
10/03/2015;-1.376,86;0;58750;1;-1.376,86;295.130,65
11/03/2015;-526,03;0;58750;1;-526,03;294.604,62
12/03/2015;-628,13;0;58750;1;-628,13;293.976,49
13/03/2015;-828,38;0;58750;1;-828,38;293.148,11
16/03/2015;-66,87;0;58750;1;-66,87;293.081,24
17/03/2015;139,34;0;58750;1;139,34;293.220,58
18/03/2015;3.525,95;0;58750;1;3.525,95;296.746,53
19/03/2015;560,37;0;58750;1;560,37;297.306,90
20/03/2015;-1.053,41;0;58750;1;-1.053,41;296.253,49
23/03/2015;121,71;0;58750;1;121,71;296.375,20
24/03/2015;-634,42;0;58750;1;-634,42;295.740,78
25/03/2015;1.775,75;0;58750;1;1.775,75;297.516,53
26/03/2015;-361,29;0;58750;1;-361,29;297.155,24
27/03/2015;-593,62;0;58750;1;-593,62;296.561,62
30/03/2015;210,5;0;58750;1;210,5;296.772,12
31/03/2015;866,44;0;58750;1;866,44;297.638,56
01/04/2015;-306,58;0;58750;1;-306,58;297.331,98
02/04/2015;221,04;0;58750;1;221,04;297.553,02
06/04/2015;-718,38;0;58750;1;-718,38;296.834,64
07/04/2015;158;0;58750;1;158;296.992,64
08/04/2015;43,91;0;58750;1;43,91;297.036,55
09/04/2015;-435,67;0;58750;1;-435,67;296.600,88
14/04/2015;-349,05;0;58750;1;-349,05;296.251,83
21/04/2015;433,33;0;58750;1;433,33;296.685,16
22/04/2015;319,71;0;58750;1;319,71;297.004,87
23/04/2015;-105,23;0;58750;1;-105,23;296.899,64
24/04/2015;-873,05;0;58750;1;-873,05;296.026,59
27/04/2015;-294,22;0;58750;1;-294,22;295.732,37
28/04/2015;74,28;0;58750;1;74,28;295.806,65
29/04/2015;1.578,19;0;58750;1;1.578,19;297.384,84
30/04/2015;-614,71;0;58750;1;-614,71;296.770,13
01/05/2015;-641,06;0;58750;1;-641,06;296.129,07
04/05/2015;-617,19;0;58750;1;-617,19;295.511,88
05/05/2015;-328,93;0;58750;1;-328,93;295.182,95
06/05/2015;-1,66;0;58750;1;-1,66;295.181,29
07/05/2015;319,38;0;58750;1;319,38;295.500,67
11/05/2015;202,67;0;58750;1;202,67;295.703,34
12/05/2015;-904,93;0;58750;1;-904,93;294.798,41
13/05/2015;-242,79;0;58750;1;-242,79;294.555,62
14/05/2015;1.232,12;0;58750;1;1.232,12;295.787,74
15/05/2015;412,48;0;58750;1;412,48;296.200,22
19/05/2015;807,05;0;58750;1;807,05;297.007,27
20/05/2015;101,91;0;58750;1;101,91;297.109,18
21/05/2015;89,48;0;58750;1;89,48;297.198,66
25/05/2015;-217,1;0;58750;1;-217,1;296.981,56
26/05/2015;501,97;0;58750;1;501,97;297.483,53
27/05/2015;400,64;0;58750;1;400,64;297.884,17
29/05/2015;323,82;0;58750;1;323,82;298.207,99
01/06/2015;-1.080,00;0;58750;1;-1.080,00;297.127,99
02/06/2015;4.579,88;0;58750;1;4.579,88;301.707,87
03/06/2015;1.184,37;0;58750;1;1.184,37;302.892,24
05/06/2015;300,19;0;58750;1;300,19;303.192,43
08/06/2015;-492,39;0;58750;1;-492,39;302.700,04
09/06/2015;-110,46;0;58750;1;-110,46;302.589,58
10/06/2015;-43,63;0;58750;1;-43,63;302.545,95
11/06/2015;85,34;0;58750;1;85,34;302.631,29
12/06/2015;95,31;0;58750;1;95,31;302.726,60
15/06/2015;-555,46;0;58750;1;-555,46;302.171,14
16/06/2015;992,35;0;58750;1;992,35;303.163,49
17/06/2015;-809,6;0;58750;1;-809,6;302.353,89
18/06/2015;1.061,94;0;58750;1;1.061,94;303.415,83
19/06/2015;657,79;0;58750;1;657,79;304.073,62
22/06/2015;724,86;0;58750;1;724,86;304.798,48
23/06/2015;75,38;0;58750;1;75,38;304.873,86
24/06/2015;-386,32;0;58750;1;-386,32;304.487,54
26/06/2015;2.991,69;0;58750;1;2.991,69;307.479,23
29/06/2015;-944,51;0;58750;1;-944,51;306.534,72
30/06/2015;1.430,28;0;58750;1;1.430,28;307.965,00
01/07/2015;-304,47;0;58750;1;-304,47;307.660,53
03/07/2015;833,73;0;58750;1;833,73;308.494,26
07/07/2015;2.120,39;0;58750;1;2.120,39;310.614,65
08/07/2015;1.186,74;0;58750;2;2.373,48;312.988,13
09/07/2015;302,2;0;58750;2;604,4;313.592,53
10/07/2015;2.001,86;0;58750;2;4.003,72;317.596,25
14/07/2015;-555,46;0;58750;2;-1.110,92;316.485,33
15/07/2015;2.291,22;0;58750;2;4.582,44;321.067,77
16/07/2015;-775,4;0;58750;2;-1.550,80;319.516,97
17/07/2015;-759,39;0;58750;2;-1.518,78;317.998,19
20/07/2015;918,5;0;58750;2;1.837,00;319.835,19
21/07/2015;-444,2;0;58750;2;-888,4;318.946,79
22/07/2015;961,33;0;58750;2;1.922,66;320.869,45
23/07/2015;-1.064,36;0;58750;2;-2.128,72;318.740,73
24/07/2015;895,45;0;58750;2;1.790,90;320.531,63
27/07/2015;-949,34;0;58750;2;-1.898,68;318.632,95
28/07/2015;1.204,02;0;58750;2;2.408,04;321.040,99
29/07/2015;-49,92;0;58750;2;-99,84;320.941,15
30/07/2015;2.202,00;0;58750;2;4.404,00;325.345,15
31/07/2015;50,91;0;58750;2;101,82;325.446,97
03/08/2015;664,5;0;58750;2;1.329,00;326.775,97
04/08/2015;40,84;0;58750;2;81,68;326.857,65
05/08/2015;428,89;0;58750;2;857,78;327.715,43
06/08/2015;1.032,26;0;58750;2;2.064,52;329.779,95
07/08/2015;507,27;0;58750;2;1.014,54;330.794,49
11/08/2015;910,63;0;58750;2;1.821,26;332.615,75
13/08/2015;-72,61;0;58750;2;-145,22;332.470,53
14/08/2015;110,2;0;58750;2;220,4;332.690,93
17/08/2015;1.301,61;0;58750;2;2.603,22;335.294,15
19/08/2015;-1.331,60;0;58750;2;-2.663,20;332.630,95
20/08/2015;-594,07;0;58750;2;-1.188,14;331.442,81
21/08/2015;-328,81;0;58750;2;-657,62;330.785,19
25/08/2015;515,78;0;58750;2;1.031,56;331.816,75
26/08/2015;95,99;0;58750;2;191,98;332.008,73
28/08/2015;923,13;0;58750;2;1.846,26;333.854,99
31/08/2015;2.148,69;0;58750;2;4.297,38;338.152,37
01/09/2015;1.958,23;0;58750;2;3.916,46;342.068,83
02/09/2015;860,03;0;58750;2;1.720,06;343.788,89
04/09/2015;727,19;0;58750;2;1.454,38;345.243,27
08/09/2015;-424,32;0;58750;2;-848,64;344.394,63
09/09/2015;1.118,50;0;58750;2;2.237,00;346.631,63
10/09/2015;120,26;0;58750;2;240,52;346.872,15
11/09/2015;622,71;0;58750;2;1.245,42;348.117,57
14/09/2015;-288,17;0;58750;2;-576,34;347.541,23
15/09/2015;2.221,98;0;58750;2;4.443,96;351.985,19
16/09/2015;393,02;0;58750;2;786,04;352.771,23
18/09/2015;565,55;0;58750;2;1.131,10;353.902,33
21/09/2015;-340,94;0;58750;2;-681,88;353.220,45
22/09/2015;-635,56;0;58750;2;-1.271,12;351.949,33
23/09/2015;1.398,92;0;58750;2;2.797,84;354.747,17
28/09/2015;2.404,47;0;58750;2;4.808,94;359.556,11
29/09/2015;-155,89;0;58750;2;-311,78;359.244,33
30/09/2015;-193,09;0;58750;2;-386,18;358.858,15
01/10/2015;268,39;0;58750;2;536,78;359.394,93
05/10/2015;-74,63;0;58750;2;-149,26;359.245,67
06/10/2015;1.274,37;0;58750;2;2.548,74;361.794,41
07/10/2015;1.415,83;0;58750;2;2.831,66;364.626,07
08/10/2015;-401,21;0;58750;2;-802,42;363.823,65
09/10/2015;237,64;0;58750;2;475,28;364.298,93
12/10/2015;1.181,02;0;58750;2;2.362,04;366.660,97
13/10/2015;937,59;0;58750;2;1.875,18;368.536,15
14/10/2015;551,28;0;58750;2;1.102,56;369.638,71
15/10/2015;1.243,46;0;58750;2;2.486,92;372.125,63
16/10/2015;-762,3;0;58750;2;-1.524,60;370.601,03
20/10/2015;2.497,09;0;58750;2;4.994,18;375.595,21
21/10/2015;312,55;0;58750;2;625,1;376.220,31
22/10/2015;1.380,30;0;58750;2;2.760,60;378.980,91
23/10/2015;15,56;0;58750;2;31,12;379.012,03
26/10/2015;-229,16;0;58750;2;-458,32;378.553,71
27/10/2015;937,89;0;58750;2;1.875,78;380.429,49
28/10/2015;-99,02;0;58750;2;-198,04;380.231,45
29/10/2015;478,3;0;58750;2;956,6;381.188,05
30/10/2015;-227,33;0;58750;2;-454,66;380.733,39
02/11/2015;2.285,16;0;58750;2;4.570,32;385.303,71
03/11/2015;1.007,26;0;58750;2;2.014,52;387.318,23
04/11/2015;2.376,26;0;58750;2;4.752,52;392.070,75
05/11/2015;-571,81;0;58750;2;-1.143,62;390.927,13
06/11/2015;961,16;0;58750;2;1.922,32;392.849,45
09/11/2015;-174,72;0;58750;2;-349,44;392.500,01
10/11/2015;52,19;0;58750;2;104,38;392.604,39
11/11/2015;-472,62;0;58750;2;-945,24;391.659,15
12/11/2015;-421,92;0;58750;2;-843,84;390.815,31
13/11/2015;1.153,44;0;58750;2;2.306,88;393.122,19
16/11/2015;-211,32;0;58750;2;-422,64;392.699,55
18/11/2015;1.467,39;0;58750;2;2.934,78;395.634,33
19/11/2015;778,05;0;58750;2;1.556,10;397.190,43
20/11/2015;-513,34;0;58750;2;-1.026,68;396.163,75
23/11/2015;488,45;0;58750;2;976,9;397.140,65
25/11/2015;1.788,54;0;58750;2;3.577,08;400.717,73
26/11/2015;9,75;0;58750;2;19,5;400.737,23
01/12/2015;958;0;58750;2;1.916,00;402.653,23
02/12/2015;454,95;0;58750;2;909,9;403.563,13
03/12/2015;-231,95;0;58750;2;-463,9;403.099,23
04/12/2015;410,01;0;58750;2;820,02;403.919,25
07/12/2015;1.198,08;0;58750;2;2.396,16;406.315,41
08/12/2015;512,78;0;58750;2;1.025,56;407.340,97
09/12/2015;133,83;0;58750;2;267,66;407.608,63
10/12/2015;1.242,20;0;58750;2;2.484,40;410.093,03
11/12/2015;1.112,40;0;58750;2;2.224,80;412.317,83
14/12/2015;1.340,71;0;58750;2;2.681,42;414.999,25
15/12/2015;476,43;0;58750;2;952,86;415.952,11
16/12/2015;673,08;0;58750;2;1.346,16;417.298,27
17/12/2015;330,16;0;58750;2;660,32;417.958,59
18/12/2015;878,01;0;58750;2;1.756,02;419.714,61
21/12/2015;902,35;0;58750;2;1.804,70;421.519,31
22/12/2015;-140,68;0;58750;2;-281,36;421.237,95
23/12/2015;476,43;0;58750;2;952,86;422.190,81
28/12/2015;210,78;0;58750;2;421,56;422.612,37
29/12/2015;768,98;0;58750;2;1.537,96;424.150,33
30/12/2015;-480,03;0;58750;2;-960,06;423.190,27
31/12/2015;2,49;0;58750;2;4,98;423.195,25
04/01/2016;16,72;0;58750;2;33,44;423.228,69
05/01/2016;1.604,06;0;58750;2;3.208,12;426.436,81
06/01/2016;30,61;0;58750;3;91,83;426.528,64
07/01/2016;-66,8;0;58750;3;-200,4;426.328,24
08/01/2016;2.969,34;0;58750;3;8.908,02;435.236,26
11/01/2016;1.481,68;0;58750;3;4.445,04;439.681,30
12/01/2016;-714,48;0;58750;3;-2.143,44;437.537,86
14/01/2016;1.358,16;0;58750;3;4.074,48;441.612,34
15/01/2016;-2.013,17;0;58750;3;-6.039,51;435.572,83
18/01/2016;1.395,68;0;58750;3;4.187,04;439.759,87
19/01/2016;1.744,08;0;58750;3;5.232,24;444.992,11
20/01/2016;-1.713,73;0;58750;3;-5.141,19;439.850,92
21/01/2016;-821,41;0;58750;3;-2.464,23;437.386,69
22/01/2016;1.005,03;0;58750;3;3.015,09;440.401,78
25/01/2016;540,04;0;58750;3;1.620,12;442.021,90
08/02/2016;527,11;0;58750;3;1.581,33;443.602,33
09/02/2016;1.634,59;0;58750;3;4.903,77;448.506,10
10/02/2016;15,76;0;58750;3;47,28;448.553,38
11/02/2016;-589,92;0;58750;3;-1.769,76;446.783,62
12/02/2016;-614,55;0;58750;3;-1.843,65;444.939,97
15/02/2016;1.280,77;0;58750;3;3.842,31;448.782,28
16/02/2016;-1.153,48;0;58750;3;-3.460,44;445.321,84
17/02/2016;-23,64;0;58750;3;-70,92;445.250,92
18/02/2016;3.264,87;0;58750;3;9.794,61;455.045,53
19/02/2016;-160,94;0;58750;3;-482,82;454.562,71
22/02/2016;1.641,32;0;58750;3;4.923,96;459.486,67
23/02/2016;940,76;0;58750;3;2.822,28;462.308,95
24/02/2016;-585,78;0;58750;3;-1.757,34;460.551,61
25/02/2016;206,65;0;58750;3;619,95;461.171,56
26/02/2016;178,52;0;58750;3;535,56;461.707,12
29/02/2016;-598,21;0;58750;3;-1.794,63;459.912,49
01/03/2016;570,04;0;58750;3;1.710,12;461.622,61
02/03/2016;-783,08;0;58750;3;-2.349,24;459.273,37
03/03/2016;972,02;0;58750;3;2.916,06;462.189,43
04/03/2016;1.732,44;0;58750;3;5.197,32;467.386,75
07/03/2016;-353,95;0;58750;3;-1.061,85;466.324,90
09/03/2016;450,36;0;58750;3;1.351,08;467.675,98
10/03/2016;582,2;0;58750;3;1.746,60;469.422,58
14/03/2016;518,23;0;58750;3;1.554,69;470.977,27
15/03/2016;427,62;0;58750;3;1.282,86;472.260,13
17/03/2016;-390,28;0;58750;3;-1.170,84;471.089,29
18/03/2016;-132,28;0;58750;3;-396,84;470.692,45
21/03/2016;454,38;0;58750;3;1.363,14;472.055,59
22/03/2016;-195,3;0;58750;3;-585,9;471.469,69
23/03/2016;1.322,56;0;58750;3;3.967,68;475.437,37
24/03/2016;-730,87;0;58750;3;-2.192,61;473.244,76
28/03/2016;-254,14;0;58750;3;-762,42;472.482,34
29/03/2016;3.412,42;0;58750;3;10.237,26;482.719,60
30/03/2016;468,62;0;58750;3;1.405,86;484.125,46
31/03/2016;616,78;0;58750;3;1.850,34;485.975,80
01/04/2016;545,58;0;58750;3;1.636,74;487.612,54
04/04/2016;492,34;0;58750;3;1.477,02;489.089,56
05/04/2016;-582,59;0;58750;3;-1.747,77;487.341,79
06/04/2016;-276,83;0;58750;3;-830,49;486.511,30
07/04/2016;168,89;0;58750;3;506,67;487.017,97
08/04/2016;651,06;0;58750;3;1.953,18;488.971,15
11/04/2016;286,34;0;58750;3;859,02;489.830,17
12/04/2016;590,7;0;58750;3;1.772,10;491.602,27
13/04/2016;773,95;0;58750;3;2.321,85;493.924,12
14/04/2016;-171,35;0;58750;3;-514,05;493.410,07
15/04/2016;450,93;0;58750;3;1.352,79;494.762,86
18/04/2016;367,24;0;58750;3;1.101,72;495.864,58
19/04/2016;323,33;0;58750;3;969,99;496.834,57
20/04/2016;324,72;0;58750;3;974,16;497.808,73
21/04/2016;63,53;0;58750;3;190,59;497.999,32
25/04/2016;-27,23;0;58750;3;-81,69;497.917,63
27/04/2016;170,03;0;58750;3;510,09;498.427,72
28/04/2016;403,9;0;58750;3;1.211,70;499.639,42
29/04/2016;-1.498,34;0;58750;3;-4.495,02;495.144,40
02/05/2016;215,89;0;58750;3;647,67;495.792,07
03/05/2016;1.484,60;0;58750;3;4.453,80;500.245,87
04/05/2016;-1.048,63;0;58750;3;-3.145,89;497.099,98
05/05/2016;753,32;0;58750;3;2.259,96;499.359,94
06/05/2016;975,4;0;58750;3;2.926,20;502.286,14
09/05/2016;54,49;0;58750;3;163,47;502.449,61
10/05/2016;191,04;0;58750;3;573,12;503.022,73
13/05/2016;-272,06;0;58750;3;-816,18;502.206,55
16/05/2016;-24,96;0;58750;3;-74,88;502.131,67
17/05/2016;1.749,46;0;58750;3;5.248,38;507.380,05
18/05/2016;-1.619,08;0;58750;3;-4.857,24;502.522,81
19/05/2016;-129,56;0;58750;3;-388,68;502.134,13
20/05/2016;-380,31;0;58750;3;-1.140,93;500.993,20
23/05/2016;79,41;0;58750;3;238,23;501.231,43
24/05/2016;-490,65;0;58750;3;-1.471,95;499.759,48
25/05/2016;299,07;0;58750;3;897,21;500.656,69
26/05/2016;1.162,87;0;58750;3;3.488,61;504.145,30
27/05/2016;-609,91;0;58750;3;-1.829,73;502.315,57
30/05/2016;-151,69;0;58750;3;-455,07;501.860,50
31/05/2016;-1.431,93;0;58750;3;-4.295,79;497.564,71
01/06/2016;-213,14;0;58750;3;-639,42;496.925,29
02/06/2016;-175,65;0;58750;3;-526,95;496.398,34
03/06/2016;562,94;0;58750;3;1.688,82;498.087,16
06/06/2016;-46,51;0;58750;3;-139,53;497.947,63
07/06/2016;-74,63;0;58750;3;-223,89;497.723,74
08/06/2016;112,89;0;58750;3;338,67;498.062,41
09/06/2016;-102,43;0;58750;3;-307,29;497.755,12
10/06/2016;107,14;0;58750;3;321,42;498.076,54
13/06/2016;14,91;0;58750;3;44,73;498.121,27
14/06/2016;709,57;0;58750;3;2.128,71;500.249,98
15/06/2016;0;0;58750;3;0;500.249,98
16/06/2016;-11,93;0;58750;3;-35,79;500.214,19
17/06/2016;232,43;0;58750;3;697,29;500.911,48
20/06/2016;-249,16;0;58750;3;-747,48;500.164,00
21/06/2016;-224,73;0;58750;3;-674,19;499.489,81
22/06/2016;-495,35;0;58750;3;-1.486,05;498.003,76
23/06/2016;948,48;0;58750;3;2.845,44;500.849,20
24/06/2016;1.479,24;0;58750;3;4.437,72;505.286,92
27/06/2016;226,19;0;58750;3;678,57;505.965,49
28/06/2016;-868,24;0;58750;3;-2.604,72;503.360,77
29/06/2016;1.277,50;0;58750;3;3.832,50;507.193,27
30/06/2016;1.497,95;0;58750;3;4.493,85;511.687,12
01/07/2016;243,9;0;58750;3;731,7;512.418,82
04/07/2016;798,19;0;58750;3;2.394,57;514.813,39
05/07/2016;-306,06;0;58750;3;-918,18;513.895,21
06/07/2016;358,52;0;58750;3;1.075,56;514.970,77
07/07/2016;-665,11;0;58750;3;-1.995,33;512.975,44
08/07/2016;232,43;0;58750;3;697,29;513.672,73
11/07/2016;-684,8;0;58750;3;-2.054,40;511.618,33
12/07/2016;-314,88;0;58750;3;-944,64;510.673,69
13/07/2016;908,18;0;58750;3;2.724,54;513.398,23
14/07/2016;108,39;0;58750;3;325,17;513.723,40
15/07/2016;1.218,65;0;58750;3;3.655,95;517.379,35
18/07/2016;-112,14;0;58750;3;-336,42;517.042,93
19/07/2016;-77,77;0;58750;3;-233,31;516.809,62
20/07/2016;562,09;0;58750;3;1.686,27;518.495,89
22/07/2016;-617,25;0;58750;3;-1.851,75;516.644,14
25/07/2016;-366,44;0;58750;3;-1.099,32;515.544,82
26/07/2016;-66,87;0;58750;3;-200,61;515.344,21
27/07/2016;2.509,88;0;58750;3;7.529,64;522.873,85
28/07/2016;-129,34;0;58750;3;-388,02;522.485,83
29/07/2016;2.632,85;0;58750;3;7.898,55;530.384,38
01/08/2016;-492,39;0;58750;3;-1.477,17;528.907,21
02/08/2016;1.547,92;0;58750;3;4.643,76;533.550,97
03/08/2016;160,57;0;58750;3;481,71;534.032,68
04/08/2016;70,84;0;58750;3;212,52;534.245,20
08/08/2016;253,51;0;58750;3;760,53;535.005,73
09/08/2016;-567,29;0;58750;3;-1.701,87;533.303,86
10/08/2016;679,51;0;58750;3;2.038,53;535.342,39
11/08/2016;40,84;0;58750;3;122,52;535.464,91
12/08/2016;-80,4;0;58750;3;-241,2;535.223,71
15/08/2016;-359,42;0;58750;3;-1.078,26;534.145,45
16/08/2016;-689,99;0;58750;3;-2.069,97;532.075,48
17/08/2016;-289,92;0;58750;3;-869,76;531.205,72
18/08/2016;-29,04;0;58750;3;-87,12;531.118,60
19/08/2016;-994,87;0;58750;3;-2.984,61;528.133,99
22/08/2016;831,67;0;58750;3;2.495,01;530.629,00
23/08/2016;329,13;0;58750;3;987,39;531.616,39
24/08/2016;-102,43;0;58750;3;-307,29;531.309,10
25/08/2016;270,46;0;58750;3;811,38;532.120,48
26/08/2016;-645,41;0;58750;3;-1.936,23;530.184,25
29/08/2016;-526,41;0;58750;3;-1.579,23;528.605,02
30/08/2016;-259,27;0;58750;3;-777,81;527.827,21
31/08/2016;79,41;0;58750;3;238,23;528.065,44
01/09/2016;374,98;0;58750;3;1.124,94;529.190,38
02/09/2016;-484,79;0;58750;3;-1.454,37;527.736,01
05/09/2016;-620,62;0;58750;3;-1.861,86;525.874,15
06/09/2016;3.096,68;0;58750;3;9.290,04;535.164,19
09/09/2016;-465,64;0;58750;3;-1.396,92;533.767,27
12/09/2016;-1.241,01;0;58750;3;-3.723,03;530.044,24
15/09/2016;474,46;0;58750;3;1.423,38;531.467,62
16/09/2016;-81,62;0;58750;3;-244,86;531.222,76
19/09/2016;275,45;0;58750;3;826,35;532.049,11
20/09/2016;29,3;0;58750;3;87,9;532.137,01
21/09/2016;-819,77;0;58750;3;-2.459,31;529.677,70
22/09/2016;991,35;0;58750;3;2.974,05;532.651,75
23/09/2016;-557,4;0;58750;3;-1.672,20;530.979,55
26/09/2016;-390,21;0;58750;3;-1.170,63;529.808,92
27/09/2016;674,26;0;58750;3;2.022,78;531.831,70
28/09/2016;-517,16;0;58750;3;-1.551,48;530.280,22
29/09/2016;1.003,63;0;58750;3;3.010,89;533.291,11
30/09/2016;412,48;0;58750;3;1.237,44;534.528,55
03/10/2016;-300,04;0;58750;3;-900,12;533.628,43
04/10/2016;-902,2;0;58750;3;-2.706,60;530.921,83
05/10/2016;-222;0;58750;3;-666;530.255,83
06/10/2016;-129,34;0;58750;3;-388,02;529.867,81
13/10/2016;-219,38;0;58750;3;-658,14;529.209,67
14/10/2016;-317,41;0;58750;3;-952,23;528.257,44
17/10/2016;-5,8;0;58750;3;-17,4;528.240,04
18/10/2016;74,85;0;58750;3;224,55;528.464,59
19/10/2016;282,03;0;58750;3;846,09;529.310,68
20/10/2016;-899,77;0;58750;3;-2.699,31;526.611,37
21/10/2016;-599,72;0;58750;3;-1.799,16;524.812,21
24/10/2016;-221,33;0;58750;3;-663,99;524.148,22
25/10/2016;-710,86;0;58750;3;-2.132,58;522.015,64
27/10/2016;304,9;0;58750;3;914,7;522.930,34
28/10/2016;929,77;0;58750;3;2.789,31;525.719,65
31/10/2016;437,58;0;58750;3;1.312,74;527.032,39
01/11/2016;1.479,76;0;58750;3;4.439,28;531.471,67
02/11/2016;834,25;0;58750;3;2.502,75;533.974,42
03/11/2016;797,7;0;58750;3;2.393,10;536.367,52
04/11/2016;-119,89;0;58750;3;-359,67;536.007,85
08/11/2016;216,48;0;58750;3;649,44;536.657,29
09/11/2016;7.312,46;0;58750;3;21.937,38;558.594,67
10/11/2016;2.831,36;0;58750;3;8.494,08;567.088,75
14/11/2016;253,53;0;58750;3;760,59;567.849,34
15/11/2016;0,38;0;58750;3;1,14;567.850,48
16/11/2016;-223,83;0;58750;3;-671,49;567.178,99
17/11/2016;-93,39;0;58750;3;-280,17;566.898,82
18/11/2016;206,65;0;58750;3;619,95;567.518,77
21/11/2016;-530,98;0;58750;3;-1.592,94;565.925,83
22/11/2016;493,42;0;58750;3;1.480,26;567.406,09
23/11/2016;-1.602,05;0;58750;3;-4.806,15;562.599,94
24/11/2016;-1.424,59;0;58750;3;-4.273,77;558.326,17
25/11/2016;-419,97;0;58750;3;-1.259,91;557.066,26
28/11/2016;-87,76;0;58750;3;-263,28;556.802,98
29/11/2016;-281,72;0;58750;3;-845,16;555.957,82
30/11/2016;526,82;0;58750;3;1.580,46;557.538,28
01/12/2016;-76,23;0;58750;3;-228,69;557.309,59
02/12/2016;188,78;0;58750;3;566,34;557.875,93
05/12/2016;1.689,03;0;58750;3;5.067,09;562.943,02
06/12/2016;856,68;0;58750;3;2.570,04;565.513,06
07/12/2016;-27,75;0;58750;3;-83,25;565.429,81
08/12/2016;169,18;0;58750;3;507,54;565.937,35
09/12/2016;-1.425,13;0;58750;3;-4.275,39;561.661,96
12/12/2016;-510,41;0;58750;3;-1.531,23;560.130,73
13/12/2016;-226,69;0;58750;3;-680,07;559.450,66
14/12/2016;621,29;0;58750;3;1.863,87;561.314,53
15/12/2016;28,35;0;58750;3;85,05;561.399,58
16/12/2016;-515,45;0;58750;3;-1.546,35;559.853,23
19/12/2016;3.173,69;0;58750;3;9.521,07;569.374,30
21/12/2016;-412,97;0;58750;3;-1.238,91;568.135,39
23/12/2016;685,4;0;58750;3;2.056,20;570.191,59
27/12/2016;497,33;0;58750;3;1.491,99;571.683,58
28/12/2016;164,05;0;58750;3;492,15;572.175,73
29/12/2016;370,14;0;58750;3;1.110,42;573.286,15
30/12/2016;262,76;0;58750;3;788,28;574.074,43
03/01/2017;-415,7;0;58750;3;-1.247,10;572.827,33
04/01/2017;-526,59;0;58750;3;-1.579,77;571.247,56
05/01/2017;-252,35;0;58750;3;-757,05;570.490,51
06/01/2017;472,84;0;58750;3;1.418,52;571.909,03
09/01/2017;-195,58;0;61000;3;-586,74;571.667,26
10/01/2017;-239,78;0;61000;3;-719,34;570.947,92
11/01/2017;-271,94;0;61000;3;-815,82;570.132,10
12/01/2017;818,01;0;61000;3;2.454,03;572.586,13
13/01/2017;-1.184,13;0;61000;3;-3.552,39;569.033,74
16/01/2017;-1,66;0;61000;3;-4,98;569.028,76
17/01/2017;-99,36;0;61000;3;-298,08;568.730,68
18/01/2017;34,36;0;61000;3;103,08;568.833,76
20/01/2017;1.071,00;0;61000;3;3.213,00;572.046,76
23/01/2017;184,08;0;61000;3;552,24;572.599,00
24/01/2017;721,05;0;61000;3;2.163,15;574.762,15
25/01/2017;-588,9;0;61000;3;-1.766,70;572.995,45
26/01/2017;731,82;0;61000;3;2.195,46;575.190,91
27/01/2017;207,24;0;61000;3;621,72;575.812,63
30/01/2017;-63,8;0;61000;3;-191,4;575.621,23
31/01/2017;-475,64;0;61000;3;-1.426,92;574.194,31
01/02/2017;-753,34;0;61000;3;-2.260,02;571.934,29
02/02/2017;-363,88;0;61000;3;-1.091,64;570.842,65
03/02/2017;924,52;0;61000;3;2.773,56;573.616,21
06/02/2017;1.054,82;0;61000;3;3.164,46;576.780,67
07/02/2017;403,9;0;61000;3;1.211,70;577.992,37
08/02/2017;1.291,25;0;61000;3;3.873,75;581.866,12
09/02/2017;961,18;0;61000;3;2.883,54;584.749,66
10/02/2017;-78,55;0;61000;3;-235,65;584.514,01
13/02/2017;-973,02;0;61000;3;-2.919,06;581.594,95
14/02/2017;369,78;0;61000;3;1.109,34;582.704,29
15/02/2017;-403,96;0;61000;3;-1.211,88;581.492,41
16/02/2017;-978,19;0;61000;3;-2.934,57;578.557,84
17/02/2017;955,33;0;61000;3;2.865,99;581.423,83
20/02/2017;-66,18;0;61000;3;-198,54;581.225,29
21/02/2017;-299,66;0;61000;3;-898,98;580.326,31
22/02/2017;318,9;0;61000;3;956,7;581.283,01
23/02/2017;899,15;0;61000;3;2.697,45;583.980,46
27/02/2017;-1.134,30;0;61000;3;-3.402,90;580.577,56
01/03/2017;-430,92;0;61000;3;-1.292,76;579.284,80
02/03/2017;-957,55;0;61000;3;-2.872,65;576.412,15
03/03/2017;-62,28;0;61000;3;-186,84;576.225,31
06/03/2017;16,72;0;61000;3;50,16;576.275,47
08/03/2017;296,39;0;61000;3;889,17;577.164,64
09/03/2017;281,47;0;61000;3;844,41;578.009,05
13/03/2017;-299,52;0;61000;3;-898,56;577.110,49
14/03/2017;-163,37;0;61000;3;-490,11;576.620,38
15/03/2017;313,13;0;61000;3;939,39;577.559,77
16/03/2017;580,92;0;61000;3;1.742,76;579.302,53
20/03/2017;-408,51;0;61000;3;-1.225,53;578.077,00
21/03/2017;-605,85;0;61000;3;-1.817,55;576.259,45
22/03/2017;474,85;0;61000;3;1.424,55;577.684,00
23/03/2017;-598,39;0;61000;3;-1.795,17;575.888,83
24/03/2017;350,61;0;61000;3;1.051,83;576.940,66
27/03/2017;-790,51;0;61000;3;-2.371,53;574.569,13
28/03/2017;-779,29;0;61000;3;-2.337,87;572.231,26
29/03/2017;2.226,92;0;61000;3;6.680,76;578.912,02
30/03/2017;-25,08;0;61000;3;-75,24;578.836,78
31/03/2017;-129,56;0;61000;3;-388,68;578.448,10
03/04/2017;936,15;0;61000;3;2.808,45;581.256,55
04/04/2017;-25,08;0;61000;3;-75,24;581.181,31
05/04/2017;-220,1;0;61000;3;-660,3;580.521,01
06/04/2017;393,99;0;61000;3;1.181,97;581.702,98
07/04/2017;839,42;0;61000;3;2.518,26;584.221,24
10/04/2017;-116,91;0;61000;3;-350,73;583.870,51
11/04/2017;-651,23;0;61000;3;-1.953,69;581.916,82
12/04/2017;347,07;0;61000;3;1.041,21;582.958,03
13/04/2017;449,23;0;61000;3;1.347,69;584.305,72
17/04/2017;-1.009,08;0;61000;3;-3.027,24;581.278,48
18/04/2017;-192,52;0;61000;3;-577,56;580.700,92
20/04/2017;193,05;0;61000;3;579,15;581.280,07
21/04/2017;140,97;0;61000;3;422,91;581.702,98
24/04/2017;-474,95;0;61000;3;-1.424,85;580.278,13
25/04/2017;-820,74;0;61000;3;-2.462,22;577.815,91
26/04/2017;-490,01;0;61000;3;-1.470,03;576.345,88
27/04/2017;-169,49;0;61000;3;-508,47;575.837,41
28/04/2017;-191,16;0;61000;3;-573,48;575.263,93
01/05/2017;-754,31;0;61000;3;-2.262,93;573.001,00
02/05/2017;-409,24;0;61000;3;-1.227,72;571.773,28
03/05/2017;-679,23;0;61000;3;-2.037,69;569.735,59
04/05/2017;172,34;0;61000;3;517,02;570.252,61
08/05/2017;-231,45;0;61000;3;-694,35;569.558,26
09/05/2017;-574,97;0;61000;3;-1.724,91;567.833,35
10/05/2017;-64,61;0;61000;3;-193,83;567.639,52
11/05/2017;-265,48;0;61000;3;-796,44;566.843,08
12/05/2017;252,12;0;61000;3;756,36;567.599,44
15/05/2017;-728,45;0;61000;3;-2.185,35;565.414,09
16/05/2017;-419,87;0;61000;3;-1.259,61;564.154,48
17/05/2017;285,6;0;61000;3;856,8;565.011,28
18/05/2017;725;0;61000;3;2.175,00;567.186,28
19/05/2017;-594,86;0;61000;3;-1.784,58;565.401,70
22/05/2017;-201,37;0;61000;3;-604,11;564.797,59
23/05/2017;-238,92;0;61000;3;-716,76;564.080,83
24/05/2017;-1.037,86;0;61000;3;-3.113,58;560.967,25
25/05/2017;-555,76;0;61000;3;-1.667,28;559.299,97
26/05/2017;1.285,06;0;61000;3;3.855,18;563.155,15
29/05/2017;667,27;0;61000;3;2.001,81;565.156,96
30/05/2017;-101,08;0;61000;3;-303,24;564.853,72
31/05/2017;389,02;0;61000;3;1.167,06;566.020,78
01/06/2017;2.352,36;0;61000;3;7.057,08;573.077,86
02/06/2017;618,83;0;61000;3;1.856,49;574.934,35
06/06/2017;142,83;0;61000;3;428,49;575.362,84
07/06/2017;-204,62;0;61000;3;-613,86;574.748,98
08/06/2017;1.810,74;0;61000;3;5.432,22;580.181,20
13/06/2017;89,07;0;61000;3;267,21;580.448,41
14/06/2017;-10,44;0;61000;3;-31,32;580.417,09
15/06/2017;6,8;0;61000;3;20,4;580.437,49
16/06/2017;667,07;0;61000;3;2.001,21;582.438,70
20/06/2017;18,85;0;61000;3;56,55;582.495,25
21/06/2017;578,15;0;61000;3;1.734,45;584.229,70
22/06/2017;238,14;0;61000;3;714,42;584.944,12
23/06/2017;-46,16;0;61000;3;-138,48;584.805,64
26/06/2017;-614,55;0;61000;3;-1.843,65;582.961,99
27/06/2017;4.823,66;0;61000;3;14.470,98;597.432,97
28/06/2017;-383,93;0;61000;3;-1.151,79;596.281,18
30/06/2017;637,1;0;61000;3;1.911,30;598.192,48
03/07/2017;103,38;0;61000;3;310,14;598.502,62
04/07/2017;673,41;0;61000;3;2.020,23;600.522,85
05/07/2017;-542,69;0;61000;3;-1.628,07;598.894,78
06/07/2017;-140,68;0;61000;3;-422,04;598.472,74
07/07/2017;-228,68;0;61000;3;-686,04;597.786,70
10/07/2017;-106,65;0;61000;3;-319,95;597.466,75
11/07/2017;101,91;0;61000;3;305,73;597.772,48
12/07/2017;-43,33;0;61000;3;-129,99;597.642,49
13/07/2017;-350,47;0;61000;3;-1.051,41;596.591,08
14/07/2017;-213,71;0;61000;3;-641,13;595.949,95
17/07/2017;119,9;0;61000;3;359,7;596.309,65
18/07/2017;386,16;0;61000;3;1.158,48;597.468,13
19/07/2017;654,53;0;61000;3;1.963,59;599.431,72
20/07/2017;-869,09;0;61000;3;-2.607,27;596.824,45
21/07/2017;10,55;0;61000;3;31,65;596.856,10
24/07/2017;-617,02;0;61000;3;-1.851,06;595.005,04
25/07/2017;512,06;0;61000;3;1.536,18;596.541,22
28/07/2017;-473,74;0;61000;3;-1.421,22;595.120,00
31/07/2017;-49,41;0;61000;3;-148,23;594.971,77
01/08/2017;3.708,99;0;61000;3;11.126,97;606.098,74
02/08/2017;262,9;0;61000;3;788,7;606.887,44
03/08/2017;37,61;0;61000;3;112,83;607.000,27
04/08/2017;252,4;0;61000;3;757,2;607.757,47
07/08/2017;635,38;0;61000;3;1.906,14;609.663,61
08/08/2017;-275,83;0;61000;3;-827,49;608.836,12
09/08/2017;19,2;0;61000;3;57,6;608.893,72
10/08/2017;-1.561,99;0;61000;3;-4.685,97;604.207,75
11/08/2017;582,49;0;61000;3;1.747,47;605.955,22
14/08/2017;-469,29;0;61000;3;-1.407,87;604.547,35
15/08/2017;-304,26;0;61000;3;-912,78;603.634,57
16/08/2017;239,76;0;61000;3;719,28;604.353,85
17/08/2017;235,85;0;61000;3;707,55;605.061,40
18/08/2017;679,37;0;61000;3;2.038,11;607.099,51
21/08/2017;300,19;0;61000;3;900,57;608.000,08
22/08/2017;-374,67;0;61000;3;-1.124,01;606.876,07
24/08/2017;201,34;0;61000;3;604,02;607.480,09
28/08/2017;367,05;0;61000;3;1.101,15;608.581,24
29/08/2017;639,02;0;61000;3;1.917,06;610.498,30
31/08/2017;94,55;0;61000;3;283,65;610.781,95
01/09/2017;-656,44;0;61000;3;-1.969,32;608.812,63
05/09/2017;2.302,11;0;61000;3;6.906,33;615.718,96
06/09/2017;261,85;0;61000;3;785,55;616.504,51
07/09/2017;-214,24;0;61000;3;-642,72;615.861,79
08/09/2017;-90,13;0;61000;3;-270,39;615.591,40
11/09/2017;-304,87;0;61000;3;-914,61;614.676,79
12/09/2017;1.171,64;0;61000;3;3.514,92;618.191,71
13/09/2017;10,43;0;61000;3;31,29;618.223,00
15/09/2017;434,64;0;61000;3;1.303,92;619.526,92
18/09/2017;-242,47;0;61000;3;-727,41;618.799,51
19/09/2017;66,01;0;61000;3;198,03;618.997,54
20/09/2017;56,63;0;61000;3;169,89;619.167,43
22/09/2017;-284,61;0;61000;3;-853,83;618.313,60
25/09/2017;1.099,11;0;61000;3;3.297,33;621.610,93
26/09/2017;422,8;0;61000;3;1.268,40;622.879,33
27/09/2017;-599,04;0;61000;3;-1.797,12;621.082,21
29/09/2017;-513,74;0;61000;3;-1.541,22;619.540,99
02/10/2017;170,88;0;61000;3;512,64;620.053,63
03/10/2017;3,92;0;61000;3;11,76;620.065,39
04/10/2017;-547,65;0;61000;3;-1.642,95;618.422,44
05/10/2017;452,42;0;61000;3;1.357,26;619.779,70
06/10/2017;-783,04;0;61000;3;-2.349,12;617.430,58
09/10/2017;130,86;0;61000;3;392,58;617.823,16
10/10/2017;-756,74;0;61000;3;-2.270,22;615.552,94
11/10/2017;-781,79;0;61000;3;-2.345,37;613.207,57
12/10/2017;-270,18;0;61000;3;-810,54;612.397,03
13/10/2017;682,03;0;61000;3;2.046,09;614.443,12
16/10/2017;789,88;0;61000;3;2.369,64;616.812,76
17/10/2017;183,89;0;61000;3;551,67;617.364,43
18/10/2017;122,26;0;61000;3;366,78;617.731,21
19/10/2017;-594,86;0;61000;3;-1.784,58;615.946,63
20/10/2017;388,14;0;61000;3;1.164,42;617.111,05
23/10/2017;422,45;0;61000;3;1.267,35;618.378,40
25/10/2017;24,12;0;61000;3;72,36;618.450,76
26/10/2017;1.932,47;0;61000;3;5.797,41;624.248,17
27/10/2017;-659,06;0;61000;3;-1.977,18;622.270,99
30/10/2017;281,52;0;61000;3;844,56;623.115,55
31/10/2017;-173,43;0;61000;3;-520,29;622.595,26
01/11/2017;306,06;0;61000;3;918,18;623.513,44
02/11/2017;57,16;0;61000;3;171,48;623.684,92
03/11/2017;-560,33;0;61000;3;-1.680,99;622.003,93
06/11/2017;-4,18;0;61000;3;-12,54;621.991,39
07/11/2017;476,43;0;61000;3;1.429,29;623.420,68
14/11/2017;35,63;0;61000;3;106,89;623.527,57
15/11/2017;-39,83;0;61000;3;-119,49;623.408,08
16/11/2017;-1.675,14;0;61000;3;-5.025,42;618.382,66
17/11/2017;558,99;0;61000;3;1.676,97;620.059,63
20/11/2017;172,34;0;61000;3;517,02;620.576,65
22/11/2017;-632,69;0;61000;3;-1.898,07;618.678,58
23/11/2017;127,95;0;61000;3;383,85;619.062,43
24/11/2017;-431,74;0;61000;3;-1.295,22;617.767,21
27/11/2017;745,11;0;61000;3;2.235,33;620.002,54
28/11/2017;-359,42;0;61000;3;-1.078,26;618.924,28
29/11/2017;1.152,28;0;61000;3;3.456,84;622.381,12
30/11/2017;-2.365,84;0;61000;3;-7.097,52;615.283,60
01/12/2017;2.168,80;0;61000;3;6.506,40;621.790,00
04/12/2017;281,66;0;61000;3;844,98;622.634,98
05/12/2017;484,99;0;61000;3;1.454,97;624.089,95
06/12/2017;106,57;0;61000;3;319,71;624.409,66
08/12/2017;-190,19;0;61000;3;-570,57;623.839,09
11/12/2017;93,63;0;61000;3;280,89;624.119,98
13/12/2017;-686,97;0;61000;3;-2.060,91;622.059,07
14/12/2017;246,58;0;61000;3;739,74;622.798,81
18/12/2017;-967,5;0;61000;3;-2.902,50;619.896,31
19/12/2017;2.508,03;0;61000;3;7.524,09;627.420,40
21/12/2017;-560,7;0;61000;3;-1.682,10;625.738,30
22/12/2017;101,91;0;61000;3;305,73;626.044,03
26/12/2017;98,62;0;61000;3;295,86;626.339,89
27/12/2017;142,83;0;61000;3;428,49;626.768,38
28/12/2017;156,43;0;61000;3;469,29;627.237,67
29/12/2017;146,23;0;61000;3;438,69;627.676,36
02/01/2018;-816,15;0;61000;3;-2.448,45;625.227,91
03/01/2018;20,4;0;61000;3;61,2;625.289,11
04/01/2018;-944,37;0;61000;3;-2.833,11;622.456,00
05/01/2018;-1.471,95;0;61000;3;-4.415,85;618.040,15
08/01/2018;37;0;61000;3;111;619.468,00
09/01/2018;232,17;0;61000;3;696,51;620.164,51
10/01/2018;-589,92;0;61000;3;-1.769,76;618.394,75
11/01/2018;-130,89;0;61000;3;-392,67;618.002,08
12/01/2018;328,25;0;61000;3;984,75;618.986,83
15/01/2018;-138,67;0;61000;3;-416,01;618.570,82
16/01/2018;649,06;0;61000;3;1.947,18;620.518,00
17/01/2018;408,47;0;61000;3;1.225,41;621.743,41
19/01/2018;-299,4;0;61000;3;-898,2;620.845,21
22/01/2018;-57,06;0;61000;3;-171,18;620.674,03
23/01/2018;166,05;0;61000;3;498,15;621.172,18
24/01/2018;1.172,68;0;61000;3;3.518,04;624.690,22
25/01/2018;-36,2;0;61000;3;-108,6;624.581,62
31/01/2018;356,33;0;61000;3;1.068,99;625.650,61
02/02/2018;-1.164,65;0;61000;3;-3.493,95;622.156,66
05/02/2018;615,52;0;61000;3;1.846,56;624.003,22
06/02/2018;1.966,85;0;61000;3;5.900,55;629.903,77
07/02/2018;502,47;0;61000;3;1.507,41;631.411,18
08/02/2018;-589,92;0;61000;3;-1.769,76;629.641,42
09/02/2018;1.968,88;0;61000;3;5.906,64;635.548,06
13/02/2018;369,86;0;61000;3;1.109,58;636.657,64
14/02/2018;834,75;0;61000;3;2.504,25;639.161,89
16/02/2018;512,4;0;61000;3;1.537,20;640.699,09
19/02/2018;58,51;0;61000;3;175,53;640.874,62
20/02/2018;-369,75;0;61000;3;-1.109,25;639.765,37
21/02/2018;-672,86;0;61000;3;-2.018,58;637.746,79
22/02/2018;-312,51;0;61000;3;-937,53;636.809,26
23/02/2018;831,67;0;61000;3;2.495,01;639.304,27
27/02/2018;-594,86;0;61000;3;-1.784,58;637.519,69
28/02/2018;353,54;0;61000;3;1.060,62;638.580,31
01/03/2018;1.261,23;0;61000;3;3.783,69;642.364,00
02/03/2018;-1.976,12;0;61000;3;-5.928,36;636.435,64
05/03/2018;1.147,81;0;61000;3;3.443,43;639.879,07
07/03/2018;284,19;0;61000;3;852,57;640.731,64
12/03/2018;-129,22;0;61000;3;-387,66;640.343,98
13/03/2018;1.156,80;0;61000;3;3.470,40;643.814,38
14/03/2018;613,66;0;61000;3;1.840,98;645.655,36
15/03/2018;889,25;0;61000;3;2.667,75;648.323,11
19/03/2018;198,25;0;61000;3;594,75;648.917,86
20/03/2018;774,24;0;61000;3;2.322,72;651.240,58
21/03/2018;170,05;0;61000;3;510,15;651.750,73
22/03/2018;-9,32;0;61000;3;-27,96;651.722,77
23/03/2018;1.369,96;0;61000;3;4.109,88;655.832,65
26/03/2018;2.480,68;0;61000;3;7.442,04;663.274,69
27/03/2018;2.761,31;0;61000;3;8.283,93;671.558,62
28/03/2018;2.156,35;0;61000;3;6.469,05;678.027,67
29/03/2018;430,93;0;61000;3;1.292,79;679.320,46
03/04/2018;1.288,39;0;61000;3;3.865,17;683.185,63
04/04/2018;6.295,88;0;61000;3;18.887,64;702.073,27
05/04/2018;-766,57;0;61000;3;-2.299,71;699.773,56
06/04/2018;503,5;0;61000;3;1.510,50;701.284,06
09/04/2018;-458,36;0;61000;3;-1.375,08;699.908,98
10/04/2018;3.403,63;0;61000;3;10.210,89;710.119,87
11/04/2018;1,47;0;61000;3;4,41;710.124,28
12/04/2018;-572,83;0;61000;3;-1.718,49;708.405,79
13/04/2018;-8,12;0;61000;3;-24,36;708.381,43
16/04/2018;345,49;0;61000;3;1.036,47;709.417,90
17/04/2018;518,23;0;61000;3;1.554,69;710.972,59
18/04/2018;-380,31;0;61000;3;-1.140,93;709.831,66
23/04/2018;-205,12;0;61000;3;-615,36;709.216,30
24/04/2018;-119,42;0;61000;3;-358,26;708.858,04
25/04/2018;-1.048,73;0;61000;3;-3.146,19;705.711,85
26/04/2018;-616,9;0;61000;3;-1.850,70;703.861,15
27/04/2018;16,72;0;61000;3;50,16;703.911,31
30/04/2018;119,08;0;61000;3;357,24;704.268,55
01/05/2018;-28,83;0;61000;3;-86,49;704.182,06
02/05/2018;-645,76;0;61000;3;-1.937,28;702.244,78
03/05/2018;1.921,05;0;61000;3;5.763,15;708.007,93
04/05/2018;-594,86;0;61000;3;-1.784,58;706.223,35
07/05/2018;-46,31;0;61000;3;-138,93;706.084,42
08/05/2018;180,62;0;61000;3;541,86;706.626,28
09/05/2018;-507,23;0;61000;3;-1.521,69;705.104,59
10/05/2018;-1.104,53;0;61000;3;-3.313,59;701.791,00
11/05/2018;-521,71;0;61000;3;-1.565,13;700.225,87
14/05/2018;610,64;0;61000;3;1.831,92;702.057,79
15/05/2018;-946,17;0;61000;3;-2.838,51;699.219,28
16/05/2018;937,13;0;61000;3;2.811,39;702.030,67
18/05/2018;1.565,76;0;61000;3;4.697,28;706.727,95
21/05/2018;1.279,57;0;61000;3;3.838,71;710.566,66
22/05/2018;403,9;0;61000;3;1.211,70;711.778,36
23/05/2018;-192,25;0;61000;3;-576,75;711.201,61
24/05/2018;778,74;0;61000;3;2.336,22;713.537,83
28/05/2018;-254,14;0;61000;3;-762,42;712.775,41
29/05/2018;-1.002,94;0;61000;3;-3.008,82;709.766,59
30/05/2018;325,91;0;61000;3;977,73;710.744,32
31/05/2018;291,52;0;61000;3;874,56;711.618,88
04/06/2018;-594,86;0;61000;3;-1.784,58;709.834,30
05/06/2018;311,22;0;61000;3;933,66;710.767,96
06/06/2018;1.705,74;0;61000;3;5.117,22;715.885,18
07/06/2018;1.181,19;0;61000;3;3.543,57;719.428,75
08/06/2018;-787,1;0;61000;3;-2.361,30;717.067,45
11/06/2018;246,58;0;61000;3;739,74;717.807,19
12/06/2018;-622,66;0;61000;3;-1.867,98;715.939,21
13/06/2018;-1.421,64;0;61000;3;-4.264,92;711.674,29
14/06/2018;2.386,57;0;61000;3;7.159,71;718.834,00
19/06/2018;435,28;0;61000;3;1.305,84;720.139,84
20/06/2018;-6,8;0;61000;3;-20,4;720.119,44
22/06/2018;487,19;0;61000;3;1.461,57;721.581,01
25/06/2018;-589,92;0;61000;3;-1.769,76;719.811,25
26/06/2018;577,51;0;61000;3;1.732,53;721.543,78
27/06/2018;-104,23;0;61000;3;-312,69;721.231,09
28/06/2018;453,35;0;61000;3;1.360,05;722.591,14
29/06/2018;764,25;0;61000;3;2.292,75;724.883,89
02/07/2018;-7,56;0;61000;3;-22,68;724.861,21
03/07/2018;586,98;0;61000;3;1.760,94;726.622,15
05/07/2018;232,43;0;61000;3;697,29;727.319,44
06/07/2018;-220,61;0;61000;3;-661,83;726.657,61
09/07/2018;-1.103,73;0;61000;3;-3.311,19;723.346,42
10/07/2018;36,4;0;61000;3;109,2;723.455,62
11/07/2018;-82,73;0;61000;3;-248,19;723.207,43
12/07/2018;39,5;0;61000;3;118,5;723.325,93
13/07/2018;256,05;0;61000;3;768,15;724.094,08
16/07/2018;241,45;0;61000;3;724,35;724.818,43
17/07/2018;296,93;0;61000;3;890,79;725.709,22
19/07/2018;1.148,20;0;61000;3;3.444,60;729.153,82
20/07/2018;-4,18;0;61000;3;-12,54;729.141,28
23/07/2018;-1.062,29;0;61000;3;-3.186,87;725.954,41
25/07/2018;94,32;0;61000;3;282,96;726.237,37
26/07/2018;-150,8;0;61000;3;-452,4;725.784,97
27/07/2018;568,97;0;61000;3;1.706,91;727.491,88
30/07/2018;-109,35;0;61000;3;-328,05;727.163,83
31/07/2018;-295,29;0;61000;3;-885,87;726.277,96
01/08/2018;360,88;0;61000;3;1.082,64;727.360,60
02/08/2018;-265,48;0;61000;3;-796,44;726.564,16
03/08/2018;-473,66;0;61000;3;-1.420,98;725.143,18
06/08/2018;222,94;0;61000;3;668,82;725.812,00
07/08/2018;-665,12;0;61000;3;-1.995,36;723.816,64
08/08/2018;331,53;0;61000;3;994,59;724.811,23
09/08/2018;380,06;0;61000;3;1.140,18;725.951,41
10/08/2018;-622,46;0;61000;3;-1.867,38;724.084,03
13/08/2018;711,37;0;61000;3;2.134,11;726.218,14
14/08/2018;491,33;0;61000;3;1.473,99;727.692,13
16/08/2018;-579,42;0;61000;3;-1.738,26;725.953,87
17/08/2018;168,19;0;61000;3;504,57;726.458,44
22/08/2018;-275,83;0;61000;3;-827,49;725.630,95
24/08/2018;-338,52;0;61000;3;-1.015,56;724.615,39
27/08/2018;1.380,95;0;61000;3;4.142,85;728.758,24
28/08/2018;138,62;0;61000;3;415,86;729.174,10
29/08/2018;-476,31;0;61000;3;-1.428,93;727.745,17
30/08/2018;181,47;0;61000;3;544,41;728.289,58
31/08/2018;424,15;0;61000;3;1.272,45;729.562,03
03/09/2018;-727,5;0;61000;3;-2.182,50;727.379,53
04/09/2018;-578,14;0;61000;3;-1.734,42;725.645,11
05/09/2018;-1.245,85;0;61000;3;-3.737,55;721.907,56
06/09/2018;1.690,21;0;61000;3;5.070,63;726.978,19
07/09/2018;582,47;0;61000;3;1.747,41;728.725,60
10/09/2018;628,21;0;61000;3;1.884,63;730.610,23
11/09/2018;-74,63;0;61000;3;-223,89;730.386,34
17/09/2018;-88,65;0;61000;3;-265,95;730.120,39
18/09/2018;238,04;0;61000;3;714,12;730.834,51
19/09/2018;43,91;0;61000;3;131,73;730.966,24
21/09/2018;394,03;0;61000;3;1.182,09;732.148,33
27/09/2018;835,23;0;61000;3;2.505,69;734.654,02
28/09/2018;-594,07;0;61000;3;-1.782,21;732.871,81
02/10/2018;-589,92;0;61000;3;-1.769,76;731.102,05
03/10/2018;164,05;0;61000;3;492,15;731.594,20
04/10/2018;-594,07;0;61000;3;-1.782,21;729.811,99
05/10/2018;1.449,53;0;61000;3;4.348,59;734.160,58
08/10/2018;281,66;0;61000;3;844,98;735.005,56
09/10/2018;751,18;0;61000;3;2.253,54;737.259,10
11/10/2018;2.009,51;0;61000;3;6.028,53;743.287,63
12/10/2018;2.212,28;0;61000;3;6.636,84;749.924,47
15/10/2018;204,78;0;61000;3;614,34;750.538,81
16/10/2018;3.171,76;0;61000;3;9.515,28;760.054,09
17/10/2018;-176,49;0;61000;3;-529,47;759.524,62
18/10/2018;4.956,37;0;61000;3;14.869,11;774.393,73
19/10/2018;207,76;0;61000;3;623,28;775.017,01
22/10/2018;3.203,43;0;61000;3;9.610,29;784.627,30
23/10/2018;-2.208,99;0;61000;3;-6.626,97;778.000,33
24/10/2018;182,35;0;61000;3;547,05;778.547,38
25/10/2018;336,47;0;61000;3;1.009,41;779.556,79
26/10/2018;-3.228,31;0;61000;3;-9.684,93;769.871,86
29/10/2018;-492,39;0;61000;3;-1.477,17;768.394,69
30/10/2018;512,07;0;61000;3;1.536,21;769.930,90
31/10/2018;100,3;0;61000;3;300,9;770.231,80
01/11/2018;2.260,78;0;61000;3;6.782,34;777.014,14
02/11/2018;1.307,72;0;61000;3;3.923,16;780.937,30
05/11/2018;-359,42;0;61000;3;-1.078,26;779.859,04
06/11/2018;-615,82;0;61000;3;-1.847,46;778.011,58
07/11/2018;646,17;0;61000;3;1.938,51;779.950,09
08/11/2018;113,04;0;61000;3;339,12;780.289,21
09/11/2018;-691,45;0;61000;3;-2.074,35;778.214,86
12/11/2018;235,85;0;61000;3;707,55;778.922,41
13/11/2018;889,31;0;61000;3;2.667,93;781.590,34
14/11/2018;900,47;0;61000;3;2.701,41;784.291,75
15/11/2018;1.820,76;0;61000;3;5.462,28;789.754,03
16/11/2018;-87,76;0;61000;3;-263,28;789.490,75
19/11/2018;1.254,81;0;61000;3;3.764,43;793.255,18
20/11/2018;-3.366,27;0;61000;3;-10.098,81;783.156,37
21/11/2018;-323,43;0;61000;3;-970,29;782.186,08
22/11/2018;-798,78;0;61000;3;-2.396,34;779.789,74
23/11/2018;1.949,05;0;61000;3;5.847,15;785.636,89
27/11/2018;-364,92;0;61000;3;-1.094,76;784.542,13
28/11/2018;-858,35;0;61000;3;-2.575,05;781.967,08
29/11/2018;-34,9;0;61000;3;-104,7;781.862,38
30/11/2018;1.423,69;0;61000;3;4.271,07;786.133,45
03/12/2018;4.663,40;0;61000;3;13.990,20;800.123,65
05/12/2018;-749,54;0;61000;3;-2.248,62;797.875,03
06/12/2018;-1.205,99;0;61000;3;-3.617,97;794.257,06
11/12/2018;-1.195,81;0;61000;3;-3.587,43;790.669,63
12/12/2018;1.395,23;0;61000;3;4.185,69;794.855,32
13/12/2018;1.459,34;0;61000;3;4.378,02;799.233,34
14/12/2018;-82,73;0;61000;3;-248,19;798.985,15
17/12/2018;118,48;0;61000;3;355,44;799.340,59
18/12/2018;-375,94;0;61000;3;-1.127,82;798.212,77
19/12/2018;-1.313,26;0;61000;3;-3.939,78;794.272,99
20/12/2018;1.332,95;0;61000;3;3.998,85;798.271,84
21/12/2018;-170,27;0;61000;3;-510,81;797.761,03
24/12/2018;934,42;0;61000;3;2.803,26;800.564,29
26/12/2018;557,7;0;61000;3;1.673,10;802.237,39
27/12/2018;1.117,72;0;61000;3;3.353,16;805.590,55
28/12/2018;-181,21;0;61000;4;-724,84;804.865,71
31/12/2018;52,19;0;61000;4;208,76;805.074,47
